section_id,failuremechanism_id,measure_id,hydraulicload,failure_probability
34003024,1,0,3.15,0.00021609914479559
34003024,1,0,3.2,0.000294918676799649
34003024,1,0,3.25,0.000460790759084784
34003024,1,0,3.3,0.000626662841369807
34003024,1,0,3.35,0.000959203547727827
34003024,1,0,3.4,0.00129174425408585
34003024,1,0,3.45,0.0018585564115019
34003024,1,0,3.5,0.00242536856891795
34003024,1,0,3.55,0.00332651127482009
34003024,1,0,3.6,0.00422765398072222
34003024,1,0,3.65,0.00570647310709371
34003024,1,0,3.7,0.0071852922334652
34003024,1,0,3.75,0.00956918683659824
34003024,1,0,3.8,0.0119530814397313
34003024,1,0,3.85,0.0150836559317804
34003024,1,0,3.9,0.0182142304238296
34003024,1,0,3.95,0.0227419374877078
34003024,1,0,4,0.0272696445516023
34003024,1,0,4.05,0.148417478853066
34003024,1,0,4.1,0.489489167043875
34003024,1,0,4.15,0.72749235921769
34003024,1,0,4.2,0.855048792398366
34003024,1,0,4.25,0.921126866537832
34003024,1,0,4.3,0.955720955323066
34003024,1,0,4.35,0.974414742163
34003024,1,0,4.4,0.984783623668346
34003024,1,0,4.45,0.990732185603613
34003024,1,0,4.5,0.994220279627784
34003024,1,0,4.55,0.996327076201464
34003024,1,0,4.6,0.99762078051801
34003024,1,0,4.65,0.998435671048129
34003024,1,0,4.7,0.998955255171423
34003024,1,0,4.75,0.999293879489485
34003024,1,0,4.8,0.999516567057401
34003024,1,0,4.85,0.999665789204536
34003024,1,0,4.9,0.999766474700381
34003024,1,0,4.95,0.999835824305697
34003024,1,0,5,0.999883569263999
34002012,1,0,3.25,3.45490430719853E-06
34002012,1,0,3.3,5.0519463637988E-06
34002012,1,0,3.35,8.85937742101106E-06
34002012,1,0,3.4,1.26668084783343E-05
34002012,1,0,3.45,2.12233903619241E-05
34002012,1,0,3.5,2.97799722455139E-05
34002012,1,0,3.55,4.77030315767513E-05
34002012,1,0,3.6,6.56260909079887E-05
34002012,1,0,3.65,0.00010450461864564
34002012,1,0,3.7,0.00014338314638318
34002012,1,0,3.75,0.000205708695974915
34002012,1,0,3.8,0.000268034245566651
34002012,1,0,3.85,0.000384518568837255
34002012,1,0,3.9,0.000501002892107749
34002012,1,0,3.95,0.000697561542525538
34002012,1,0,4,0.000894120192943326
34002012,1,0,4.05,0.00121134167580994
34002012,1,0,4.1,0.00152856315867667
34002012,1,0,4.15,0.00202103301060619
34002012,1,0,4.2,0.00251350286253582
34002012,1,0,4.25,0.00324942126648908
34002012,1,0,4.3,0.00398533967044234
34002012,1,0,4.35,0.0050480243274087
34002012,1,0,4.4,0.00611070898437505
34002012,1,0,4.45,0.00761564919886271
34002012,1,0,4.5,0.00912058941337557
34002012,1,0,4.55,0.128844360360104
34002012,1,0,4.6,0.475518631355398
34002012,1,0,4.65,0.71854182948596
34002012,1,0,4.7,0.849480410218408
34002012,1,0,4.75,0.917516516021523
34002012,1,0,4.8,0.953361293962708
34002012,1,0,4.85,0.972819160488634
34002010,3,0,0,0
34002010,3,0,0.05,0
34002010,3,0,0.1,0
34002010,3,0,0.15,0
34002010,3,0,0.2,0
34002010,3,0,0.25,0
34002010,3,0,0.3,0
34002010,3,0,0.35,0
34002010,3,0,0.4,0
34002010,3,0,0.45,0
34002010,3,0,0.5,0
34002010,3,0,0.55,0
34002010,3,0,0.6,0
34002010,3,0,0.65,0
34002010,3,0,0.7,0
34002010,3,0,0.75,0
34002010,3,0,0.8,0
34002010,3,0,0.85,0
34002010,3,0,0.9,0
34002010,3,0,0.95,0
34002010,3,0,1,0
34002010,3,0,1.05,0
34002010,3,0,1.1,0
34002010,3,0,1.15,0
34002010,3,0,1.2,0
34002010,3,0,1.25,0
34002010,3,0,1.3,0
34002010,3,0,1.35,0
34002010,3,0,1.4,0
34002010,3,0,1.45,0
34002010,3,0,1.5,0
34002010,3,0,1.55,0
34002010,3,0,1.6,0
34002010,3,0,1.65,0
34002010,3,0,1.7,0
34002010,3,0,1.75,0
34002010,3,0,1.8,0
34002010,3,0,1.85,0
34002010,3,0,1.9,0
34002010,3,0,1.95,0
34002010,3,0,2,0
34002010,3,0,2.05,0
34002010,3,0,2.1,0
34002010,3,0,2.15,0
34002010,3,0,2.2,0
34002010,3,0,2.25,1.61488189341675E-10
34002010,3,0,2.3,3.22976378683357E-10
34002010,3,0,2.35,1.00468570372317E-09
34002010,3,0,2.4,1.68639502876301E-09
34002010,3,0,2.45,4.82470337792074E-09
34002010,3,0,2.5,7.96301172707848E-09
34002010,3,0,2.55,2.08249961735448E-08
34002010,3,0,2.6,3.3686980620011E-08
34002010,3,0,2.65,8.10276128358187E-08
34002010,3,0,2.7,1.28368245051626E-07
34002010,3,0,2.75,2.88970874268302E-07
34002010,3,0,2.8,4.49573503484981E-07
34002010,3,0,2.85,9.46719274319196E-07
34002010,3,0,2.9,1.44386504515342E-06
34002010,3,0,2.95,2.84890298552005E-06
34002010,3,0,3,4.25394092588668E-06
34002010,3,0,3.05,7.92098314786751E-06
34002010,3,0,3.1,1.15880253698483E-05
34002010,3,0,3.15,2.04381589035981E-05
34002010,3,0,3.2,2.92882924373478E-05
34002010,3,0,3.25,4.92595526374329E-05
34002010,3,0,3.3,6.92308128375184E-05
34002010,3,0,3.35,0.000111344090144901
34002010,3,0,3.4,0.000153457367452284
34002010,3,0,3.45,0.000236909099440904
34002010,3,0,3.5,0.000320360831429524
34002010,3,0,3.55,0.0004764234109658
34002010,3,0,3.6,0.000632485990502074
34002010,3,0,3.65,0.000929468886297193
34002010,3,0,3.7,0.00122645178209231
34002010,3,0,3.75,0.00170232360648966
34002010,3,0,3.8,0.00217819543088702
34002010,3,0,3.85,0.00289680260612689
34002010,3,0,3.9,0.00361540978136677
34002010,3,0,3.95,0.00487639264837318
34002010,3,0,4,0.00613737551537959
34002010,3,0,4.05,0.00773560947756088
34002010,3,0,4.1,0.0093338434397422
34002010,3,0,4.15,0.0117631583909179
34002010,3,0,4.2,0.0141924733420935
34002010,3,0,4.25,0.0175402228774982
34002010,3,0,4.3,0.020887972412903
34002010,3,0,4.35,0.0253329321340895
34002010,3,0,4.4,0.029777891855276
34002010,3,0,4.45,0.035639308533738
34002010,3,0,4.5,0.0415007252122
34002010,3,0,4.55,0.0486884377414892
34002010,3,0,4.6,0.0558761502707786
34002010,3,0,4.65,0.0646599438960744
34002010,3,0,4.7,0.0734437375213703
34002010,3,0,4.75,0.0839196909912882
34002010,3,0,4.8,0.0943956444612063
34002010,3,0,4.85,0.106607734854344
34002010,3,0,4.9,0.118819825247481
34002010,3,0,4.95,0.132754489809992
34002010,3,0,5,0.146689154372504
34002010,3,0,5.05,0.162273914871828
34002010,3,0,5.1,0.177858675371152
34002010,3,0,5.15,0.194964806008707
34002010,3,0,5.2,0.212070936646262
34002010,3,0,5.25,0.230519736320068
34002010,3,0,5.3,0.248968535993874
34002010,3,0,5.35,0.268540446900803
34002010,3,0,5.4,0.288112357807731
34002010,3,0,5.45,0.310002256431622
34002010,3,0,5.5,0.331892155055513
34002010,3,0,5.55,0.352045191297745
34002010,3,0,5.6,0.372198227539977
34002010,3,0,5.65,0.393077281580207
34002010,3,0,5.7,0.413956335620436
34002010,3,0,5.75,0.435333924466245
34002010,3,0,5.8,0.456711513312053
34002010,3,0,5.85,0.478342891541757
34002010,3,0,5.9,0.49997426977146
34002010,3,0,5.95,0.521605799444967
34002010,3,0,6,0.543237329118474
34002012,3,0,1,0
34002012,3,0,1.05,0
34002012,3,0,1.1,0
34002012,3,0,1.15,0
34002012,3,0,1.2,0
34002012,3,0,1.25,0
34002012,3,0,1.3,0
34002012,3,0,1.35,0
34002012,3,0,1.4,0
34002012,3,0,1.45,0
34002012,3,0,1.5,0
34002012,3,0,1.55,0
34002012,3,0,1.6,0
34002012,3,0,1.65,0
34002012,3,0,1.7,0
34002012,3,0,1.75,0
34002012,3,0,1.8,0
34002012,3,0,1.85,0
34002012,3,0,1.9,0
34002012,3,0,1.95,0
34002012,3,0,2,0
34002012,3,0,2.05,0
34002012,3,0,2.1,0
34002012,3,0,2.15,0
34002012,3,0,2.2,0
34002012,3,0,2.25,0
34002012,3,0,2.3,0
34002012,3,0,2.35,0
34002012,3,0,2.4,2.20543754643137E-24
34002012,3,0,2.45,8.27700642691453E-11
34002012,3,0,2.5,1.65540128538294E-10
34002012,3,0,2.55,4.26445185814979E-10
34002012,3,0,2.6,6.8735024309169E-10
34002012,3,0,2.65,1.99618816489997E-09
34002012,3,0,2.7,3.30502608670837E-09
34002012,3,0,2.75,8.80055665257796E-09
34002012,3,0,2.8,1.4296087218448E-08
34002012,3,0,2.85,3.47517628658999E-08
34002012,3,0,2.9,5.52074385133538E-08
34002012,3,0,2.95,1.25382912349934E-07
34002012,3,0,3,1.9555838618652E-07
34002012,3,0,3.05,4.12787532410536E-07
34002012,3,0,3.1,6.30016678634569E-07
34002012,3,0,3.15,1.24393946464186E-06
34002012,3,0,3.2,1.85786225064919E-06
34002012,3,0,3.25,3.4549043072026E-06
34002012,3,0,3.3,5.05194636375613E-06
34002012,3,0,3.35,8.85937742102757E-06
34002012,3,0,3.4,1.26668084782992E-05
34002012,3,0,3.45,2.12233903619086E-05
34002012,3,0,3.5,2.97799722455186E-05
34002012,3,0,3.55,4.77030315767704E-05
34002012,3,0,3.6,6.56260909080229E-05
34002012,3,0,3.65,0.000104504618645607
34002012,3,0,3.7,0.000143383146383192
34002012,3,0,3.75,0.000205708695974904
34002012,3,0,3.8,0.000268034245566619
34002012,3,0,3.85,0.000384518568837209
34002012,3,0,3.9,0.000501002892107803
34002012,3,0,3.95,0.000697561542525536
34002012,3,0,4,0.000894120192943273
34002012,3,0,4.05,0.00121134167580995
34002012,3,0,4.1,0.00152856315867665
34002012,3,0,4.15,0.00202103301060622
34002012,3,0,4.2,0.0025135028625358
34002012,3,0,4.25,0.00324942126648909
34002012,3,0,4.3,0.0039853396704424
34002012,3,0,4.35,0.00504802432740874
34002012,3,0,4.4,0.00611070898437509
34002012,3,0,4.45,0.00761564919886267
34002012,3,0,4.5,0.00912058941335031
34002012,3,0,4.55,0.0111387168014187
34002012,3,0,4.6,0.0131568441894872
34002012,3,0,4.65,0.0160186088444477
34002012,3,0,4.7,0.0188803734994083
34002012,3,0,4.75,0.0223104379231823
34002012,3,0,4.8,0.0257405023469564
34002012,3,0,4.85,0.030043888647047
34002012,3,0,4.9,0.0343472749471378
34002012,3,0,4.95,0.0396322322546822
34002012,3,0,5,0.0449171895622267
34002012,3,0,5.05,0.0512784107635131
34002012,3,0,5.1,0.0576396319647996
34002012,3,0,5.15,0.0651527489832495
34002012,3,0,5.2,0.0726658660016992
34002012,3,0,5.25,0.0813827845498947
34002012,3,0,5.3,0.0900997030980905
34002012,3,0,5.35,0.100045119391258
34002012,3,0,5.4,0.109990535684426
34002012,3,0,5.45,0.121159863968942
34002012,3,0,5.5,0.132329192253459
34002012,3,0,5.55,0.144688003997603
34002012,3,0,5.6,0.157046815741746
34002012,3,0,5.65,0.170531765071426
34002012,3,0,5.7,0.184016714401106
34002012,3,0,5.75,0.198537813039483
34002012,3,0,5.8,0.21305891167786
34002012,3,0,5.85,0.228502930062064
34002012,3,0,5.9,0.243946948446267
34002012,3,0,5.95,0.260181662817474
34002012,3,0,6,0.27641637718868
34003023,3,0,0,0
34003023,3,0,0.05,0
34003023,3,0,0.1,0
34003023,3,0,0.15,0
34003023,3,0,0.2,0
34003023,3,0,0.25,0
34003023,3,0,0.3,0
34003023,3,0,0.35,0
34003023,3,0,0.4,0
34003023,3,0,0.45,0
34003023,3,0,0.5,0
34003023,3,0,0.55,0
34003023,3,0,0.6,0
34003023,3,0,0.65,0
34003023,3,0,0.7,0
34003023,3,0,0.75,0
34003023,3,0,0.8,0
34003023,3,0,0.85,0
34003023,3,0,0.9,0
34003023,3,0,0.95,0
34003023,3,0,1,0
34003023,3,0,1.05,0
34003023,3,0,1.1,0
34003023,3,0,1.15,0
34003023,3,0,1.2,0
34003023,3,0,1.25,0
34003023,3,0,1.3,0
34003023,3,0,1.35,0
34003023,3,0,1.4,0
34003023,3,0,1.45,0
34003023,3,0,1.5,0
34003023,3,0,1.55,0
34003023,3,0,1.6,0
34003023,3,0,1.65,0
34003023,3,0,1.7,8.25175091051046E-25
34003023,3,0,1.75,1.85812911628645E-10
34003023,3,0,1.8,3.71625823257291E-10
34003023,3,0,1.85,8.75645731116837E-10
34003023,3,0,1.9,1.37966563897639E-09
34003023,3,0,1.95,3.07923122125549E-09
34003023,3,0,2,4.77879680353459E-09
34003023,3,0,2.05,1.01238247121791E-08
34003023,3,0,2.1,1.54688526208236E-08
34003023,3,0,2.15,3.11820727962664E-08
34003023,3,0,2.2,4.68952929717093E-08
34003023,3,0,2.25,8.98441531612312E-08
34003023,3,0,2.3,1.32793013350754E-07
34003023,3,0,2.35,2.44310103082021E-07
34003023,3,0,2.4,3.5582719281329E-07
34003023,3,0,2.45,6.29615470786826E-07
34003023,3,0,2.5,9.03403748760361E-07
34003023,3,0,2.55,1.53073070159298E-06
34003023,3,0,2.6,2.1580576544256E-06
34003023,3,0,2.65,3.53594803025212E-06
34003023,3,0,2.7,4.91383840607862E-06
34003023,3,0,2.75,7.91104723630646E-06
34003023,3,0,2.8,1.09082560665344E-05
34003023,3,0,2.85,1.68585551361333E-05
34003023,3,0,2.9,2.28088542057323E-05
34003023,3,0,2.95,3.32475192846963E-05
34003023,3,0,3,4.36861843636604E-05
34003023,3,0,3.05,6.33468388754283E-05
34003023,3,0,3.1,0.000083007493387196
34003023,3,0,3.15,0.000117343274262148
34003023,3,0,3.2,0.0001516790551371
34003023,3,0,3.25,0.000209443902709147
34003023,3,0,3.3,0.000267208750281196
34003023,3,0,3.35,0.00036119758537654
34003023,3,0,3.4,0.000455186420471885
34003023,3,0,3.45,0.000602978779056567
34003023,3,0,3.5,0.000750771137641249
34003023,3,0,3.55,0.000975906221801216
34003023,3,0,3.6,0.00120104130596118
34003023,3,0,3.65,0.00153406511984898
34003023,3,0,3.7,0.00186708893373678
34003023,3,0,3.75,0.00234959252333068
34003023,3,0,3.8,0.00283209611292459
34003023,3,0,3.85,0.00351327843839171
34003023,3,0,3.9,0.00419446076385884
34003023,3,0,3.95,0.00511440503540147
34003023,3,0,4,0.00603434930694411
34003023,3,0,4.05,0.00725902907149686
34003023,3,0,4.1,0.00848370883604964
34003023,3,0,4.15,0.010142394076785
34003023,3,0,4.2,0.0118010793175203
34003023,3,0,4.25,0.0140045156824143
34003023,3,0,4.3,0.0162079520473082
34003023,3,0,4.35,0.0188160379449814
34003023,3,0,4.4,0.0214241238426546
34003023,3,0,4.45,0.0246394770841384
34003023,3,0,4.5,0.0278548303256223
34003023,3,0,4.55,0.0317536358450458
34003023,3,0,4.6,0.0356524413644694
34003023,3,0,4.65,0.0403059687448501
34003023,3,0,4.7,0.0449594961252309
34003023,3,0,4.75,0.0504311176295801
34003023,3,0,4.8,0.0559027391339294
34003023,3,0,4.85,0.0622451200298732
34003023,3,0,4.9,0.068587500925817
34003023,3,0,4.95,0.0758401277800869
34003023,3,0,5,0.0830927546343569
34003023,3,0,5.05,0.0912799427912526
34003023,3,0,5.1,0.0994671309481482
34003023,3,0,5.15,0.108596617643247
34003023,3,0,5.2,0.117726104338346
34003023,3,0,5.25,0.127788292936167
34003023,3,0,5.3,0.137850481533987
34003023,3,0,5.35,0.14881835909788
34003023,3,0,5.4,0.159786236661772
34003023,3,0,5.45,0.171615945569308
34003023,3,0,5.5,0.183445654476844
34003023,3,0,5.55,0.196077662118795
34003023,3,0,5.6,0.208709669760745
34003023,3,0,5.65,0.222070451052364
34003023,3,0,5.7,0.235431232343983
34003023,3,0,5.75,0.249435358950226
34003023,3,0,5.8,0.263439485556468
34003023,3,0,5.85,0.277992004131798
34003023,3,0,5.9,0.292544522707128
34003023,3,0,5.95,0.307823257251037
34003023,3,0,6,0.323101991794947
34003024,3,0,0,0
34003024,3,0,0.05,0
34003024,3,0,0.1,0
34003024,3,0,0.15,0
34003024,3,0,0.2,0
34003024,3,0,0.25,0
34003024,3,0,0.3,0
34003024,3,0,0.35,0
34003024,3,0,0.4,0
34003024,3,0,0.45,0
34003024,3,0,0.5,0
34003024,3,0,0.55,0
34003024,3,0,0.6,0
34003024,3,0,0.65,0
34003024,3,0,0.7,0
34003024,3,0,0.75,0
34003024,3,0,0.8,0
34003024,3,0,0.85,0
34003024,3,0,0.9,0
34003024,3,0,0.95,0
34003024,3,0,1,0
34003024,3,0,1.05,0
34003024,3,0,1.1,0
34003024,3,0,1.15,0
34003024,3,0,1.2,0
34003024,3,0,1.25,0
34003024,3,0,1.3,0
34003024,3,0,1.35,0
34003024,3,0,1.4,0
34003024,3,0,1.45,0
34003024,3,0,1.5,0
34003024,3,0,1.55,0
34003024,3,0,1.6,0
34003024,3,0,1.65,0
34003024,3,0,1.7,0
34003024,3,0,1.75,0
34003024,3,0,1.8,0
34003024,3,0,1.85,0
34003024,3,0,1.9,0
34003024,3,0,1.95,0
34003024,3,0,2,0
34003024,3,0,2.05,1.07447269029288E-10
34003024,3,0,2.1,2.14894538058575E-10
34003024,3,0,2.15,7.90744889619875E-10
34003024,3,0,2.2,1.36659524118118E-09
34003024,3,0,2.25,4.44060492076303E-09
34003024,3,0,2.3,7.51461460034501E-09
34003024,3,0,2.35,2.21293037514149E-08
34003024,3,0,2.4,3.67439929024853E-08
34003024,3,0,2.45,9.79336788711482E-08
34003024,3,0,2.5,1.59123364839811E-07
34003024,3,0,2.55,3.88840531007467E-07
34003024,3,0,2.6,6.18557697175121E-07
34003024,3,0,2.65,1.39134389952961E-06
34003024,3,0,2.7,2.1641301018841E-06
34003024,3,0,2.75,4.51607547543825E-06
34003024,3,0,2.8,6.86802084899247E-06
34003024,3,0,2.85,1.33618721391544E-05
34003024,3,0,2.9,1.98557234293165E-05
34003024,3,0,2.95,3.62804783539523E-05
34003024,3,0,3,0.000052705233278588
34003024,3,0,3.05,9.49924230350702E-05
34003024,3,0,3.1,0.000137279612791552
34003024,3,0,3.15,0.000216099144795628
34003024,3,0,3.2,0.000294918676799703
34003024,3,0,3.25,0.000460790759084762
34003024,3,0,3.3,0.000626662841369825
34003024,3,0,3.35,0.000959203547727837
34003024,3,0,3.4,0.00129174425408586
34003024,3,0,3.45,0.00185855641150193
34003024,3,0,3.5,0.002425368568918
34003024,3,0,3.55,0.00332651127482011
34003024,3,0,3.6,0.00422765398072222
34003024,3,0,3.65,0.00570647310709373
34003024,3,0,3.7,0.00718529223346522
34003024,3,0,3.75,0.00956918683659821
34003024,3,0,3.8,0.0119530814397312
34003024,3,0,3.85,0.0150836559317804
34003024,3,0,3.9,0.0182142304238296
34003024,3,0,3.95,0.0227419374877078
34003024,3,0,4,0.0272696445515859
34003024,3,0,4.05,0.0333564448266565
34003024,3,0,4.1,0.0394432451017273
34003024,3,0,4.15,0.0473097761284837
34003024,3,0,4.2,0.0551763071552401
34003024,3,0,4.25,0.0651044840155719
34003024,3,0,4.3,0.0750326608759036
34003024,3,0,4.35,0.0869826817099596
34003024,3,0,4.4,0.0989327025440153
34003024,3,0,4.45,0.113041009767814
34003024,3,0,4.5,0.127149316991612
34003024,3,0,4.55,0.143386144394493
34003024,3,0,4.6,0.159622971797374
34003024,3,0,4.65,0.177861214909986
34003024,3,0,4.7,0.196099458022597
34003024,3,0,4.75,0.216127919424571
34003024,3,0,4.8,0.236156380826546
34003024,3,0,4.85,0.257692779228006
34003024,3,0,4.9,0.279229177629465
34003024,3,0,4.95,0.30330435726665
34003024,3,0,5,0.327379536903834
34003024,3,0,5.05,0.350073000559794
34003024,3,0,5.1,0.372766464215754
34003024,3,0,5.15,0.396179756262783
34003024,3,0,5.2,0.419593048309812
34003024,3,0,5.25,0.443590475294469
34003024,3,0,5.3,0.467587902279126
34003024,3,0,5.35,0.491823460146569
34003024,3,0,5.4,0.516059018014011
34003024,3,0,5.45,0.540176256734057
34003024,3,0,5.5,0.564293495454103
34003024,3,0,5.55,0.584919665950228
34003024,3,0,5.6,0.605545836446352
34003024,3,0,5.65,0.626498410404867
34003024,3,0,5.7,0.647450984363381
34003024,3,0,5.75,0.667243711730971
34003024,3,0,5.8,0.68703643909856
34003024,3,0,5.85,0.705440679834694
34003024,3,0,5.9,0.723844920570828
34003024,3,0,5.95,0.740792249655065
34003024,3,0,6,0.757739578739301
34003023,4,0,0,0
34003023,4,0,0.05,0
34003023,4,0,0.1,0
34003023,4,0,0.15,0
34003023,4,0,0.2,0
34003023,4,0,0.25,0
34003023,4,0,0.3,0
34003023,4,0,0.35,0
34003023,4,0,0.4,0
34003023,4,0,0.45,0
34003023,4,0,0.5,0
34003023,4,0,0.55,0
34003023,4,0,0.6,0
34003023,4,0,0.65,0
34003023,4,0,0.7,0
34003023,4,0,0.75,0
34003023,4,0,0.8,0
34003023,4,0,0.85,0
34003023,4,0,0.9,0
34003023,4,0,0.95,0
34003023,4,0,1,0
34003023,4,0,1.05,0
34003023,4,0,1.1,0
34003023,4,0,1.15,4.40373697474106E-10
34003023,4,0,1.2,8.80747394948227E-10
34003023,4,0,1.25,4.60364186804991E-09
34003023,4,0,1.3,8.32653634115162E-09
34003023,4,0,1.35,3.84928875738511E-08
34003023,4,0,1.4,6.86592388065513E-08
34003023,4,0,1.45,2.81346715087708E-07
34003023,4,0,1.5,4.94034191368863E-07
34003023,4,0,1.55,1.79886050195753E-06
34003023,4,0,1.6,3.1036868125462E-06
34003023,4,0,1.65,1.00694581635546E-05
34003023,4,0,1.7,0.000017035229514563
34003023,4,0,1.75,4.93949615373601E-05
34003023,4,0,1.8,8.17546935601573E-05
34003023,4,0,1.85,0.000212574223798197
34003023,4,0,1.9,0.000343393754036238
34003023,4,0,1.95,0.00080363359085427
34003023,4,0,2,0.0012638734276723
34003023,4,0,2.05,0.00267300286093512
34003023,4,0,2.1,0.00408213229419793
34003023,4,0,2.15,0.00783689727012865
34003023,4,0,2.2,0.0115916622460594
34003023,4,0,2.25,0.0202990704428571
34003023,4,0,2.3,0.0290064786396551
34003023,4,0,2.35,0.0465807479291924
34003023,4,0,2.4,0.06415501721873
34003023,4,0,2.45,0.095026296624305
34003023,4,0,2.5,0.12589757602988
34003023,4,0,2.55,0.126770674674079
34003023,4,0,2.6,0.127643773318279
34003023,4,0,2.65,0.128525255094276
34003023,4,0,2.7,0.129406736870273
34003023,4,0,2.75,0.130296619477467
34003023,4,0,2.8,0.13118650208466
34003023,4,0,2.85,0.132084802200004
34003023,4,0,2.9,0.132983102315348
34003023,4,0,2.95,0.1338898355801
34003023,4,0,3,0.134796568844851
34003023,4,0,3.05,0.138418162327596
34003023,4,0,3.1,0.14203975581034
34003023,4,0,3.15,0.145790845297749
34003023,4,0,3.2,0.149541934785157
34003023,4,0,3.25,0.15342297337023
34003023,4,0,3.3,0.157304011955302
34003023,4,0,3.35,0.16131518415386
34003023,4,0,3.4,0.165326356352418
34003023,4,0,3.45,0.169467568345522
34003023,4,0,3.5,0.173608780338625
34003023,4,0,3.55,0.17561090303998
34003023,4,0,3.6,0.177613025741334
34003023,4,0,3.65,0.179644044322864
34003023,4,0,3.7,0.181675062904394
34003023,4,0,3.75,0.183734899484136
34003023,4,0,3.8,0.185794736063877
34003023,4,0,3.85,0.187883297711473
34003023,4,0,3.9,0.18997185935907
34003023,4,0,3.95,0.192089037951533
34003023,4,0,4,0.194206216543996
34003023,4,0,4.05,0.19635188863416
34003023,4,0,4.1,0.198497560724324
34003023,4,0,4.15,0.200671587422319
34003023,4,0,4.2,0.202845614120315
34003023,4,0,4.25,0.20504784098838
34003023,4,0,4.3,0.207250067856445
34003023,4,0,4.35,0.209480324817394
34003023,4,0,4.4,0.211710581778343
34003023,4,0,4.45,0.21396868303796
34003023,4,0,4.5,0.216226784297576
34003023,4,0,4.55,0.218512528281225
34003023,4,0,4.6,0.220798272264875
34003023,4,0,4.65,0.223111441568577
34003023,4,0,4.7,0.225424610872278
34003023,4,0,4.75,0.22776497222848
34003023,4,0,4.8,0.230105333584683
34003023,4,0,4.85,0.232472637842964
34003023,4,0,4.9,0.234839942101244
34003023,4,0,4.95,0.237233924224132
34003023,4,0,5,0.239627906347019
34003023,4,0,5.05,0.242048285421118
34003023,4,0,5.1,0.244468664495217
34003023,4,0,5.15,0.246915143757799
34003023,4,0,5.2,0.249361623020381
34003023,4,0,5.25,0.251833889901581
34003023,4,0,5.3,0.25430615678278
34003023,4,0,5.35,0.256803882963515
34003023,4,0,5.4,0.25930160914425
34003023,4,0,5.45,0.261824450629964
34003023,4,0,5.5,0.264347292115677
34003023,4,0,5.55,0.266894889325977
34003023,4,0,5.6,0.269442486536278
34003023,4,0,5.65,0.272014464410529
34003023,4,0,5.7,0.27458644228478
34003023,4,0,5.75,0.277182410403679
34003023,4,0,5.8,0.279778378522577
34003023,4,0,5.85,0.282397931245713
34003023,4,0,5.9,0.285017483968848
34003023,4,0,5.95,0.287660200588247
34003023,4,0,6,0.290302917207646
34003025,3,0,0,0
34003025,3,0,0.05,0
34003025,3,0,0.1,0
34003025,3,0,0.15,0
34003025,3,0,0.2,0
34003025,3,0,0.25,0
34003025,3,0,0.3,0
34003025,3,0,0.35,0
34003025,3,0,0.4,0
34003025,3,0,0.45,0
34003025,3,0,0.5,0
34003025,3,0,0.55,0
34003025,3,0,0.6,0
34003025,3,0,0.65,0
34003025,3,0,0.7,0
34003025,3,0,0.75,0
34003025,3,0,0.8,0
34003025,3,0,0.85,0
34003025,3,0,0.9,0
34003025,3,0,0.95,0
34003025,3,0,1,0
34003025,3,0,1.05,0
34003025,3,0,1.1,0
34003025,3,0,1.15,0
34003025,3,0,1.2,0
34003025,3,0,1.25,0
34003025,3,0,1.3,0
34003025,3,0,1.35,0
34003025,3,0,1.4,0
34003025,3,0,1.45,0
34003025,3,0,1.5,0
34003025,3,0,1.55,0
34003025,3,0,1.6,0
34003025,3,0,1.65,0
34003025,3,0,1.7,0
34003025,3,0,1.75,0
34003025,3,0,1.8,0
34003025,3,0,1.85,0
34003025,3,0,1.9,0
34003025,3,0,1.95,0
34003025,3,0,2,0
34003025,3,0,2.05,1.44430783209808E-10
34003025,3,0,2.1,2.88861566419615E-10
34003025,3,0,2.15,1.02601288426224E-09
34003025,3,0,2.2,1.76316420210488E-09
34003025,3,0,2.25,5.63005334988873E-09
34003025,3,0,2.3,9.49694249767274E-09
34003025,3,0,2.35,2.74076612302224E-08
34003025,3,0,2.4,4.53183799627727E-08
34003025,3,0,2.45,1.19018297240069E-07
34003025,3,0,2.5,1.92718214517366E-07
34003025,3,0,2.55,4.64917358448698E-07
34003025,3,0,2.6,7.37116502380027E-07
34003025,3,0,2.65,1.64089173974936E-06
34003025,3,0,2.7,2.54466697711868E-06
34003025,3,0,2.75,5.2622860432524E-06
34003025,3,0,2.8,7.9799051093862E-06
34003025,3,0,2.85,1.54256318904693E-05
34003025,3,0,2.9,2.28713586715527E-05
34003025,3,0,2.95,4.19202411969688E-05
34003025,3,0,3,6.09691237223849E-05
34003025,3,0,3.05,0.000107541700583681
34003025,3,0,3.1,0.000154114277444976
34003025,3,0,3.15,0.000243226820392971
34003025,3,0,3.2,0.000332339363340966
34003025,3,0,3.25,0.000518072767257782
34003025,3,0,3.3,0.000703806171174601
34003025,3,0,3.35,0.00105493150544043
34003025,3,0,3.4,0.00140605683970627
34003025,3,0,3.45,0.0020457700997649
34003025,3,0,3.5,0.00268548335982353
34003025,3,0,3.55,0.0036821025484603
34003025,3,0,3.6,0.00467872173709705
34003025,3,0,3.65,0.00631635558199495
34003025,3,0,3.7,0.00795398942689284
34003025,3,0,3.75,0.010523977243596
34003025,3,0,3.8,0.0130939650602992
34003025,3,0,3.85,0.016501516020303
34003025,3,0,3.9,0.0199090669803068
34003025,3,0,3.95,0.0248147919661693
34003025,3,0,4,0.0297205169520317
34003025,3,0,4.05,0.0362675633166064
34003025,3,0,4.1,0.0428146096811812
34003025,3,0,4.15,0.051242896601761
34003025,3,0,4.2,0.0596711835223408
34003025,3,0,4.25,0.0702327642734226
34003025,3,0,4.3,0.0807943450245045
34003025,3,0,4.35,0.0934518404965509
34003025,3,0,4.4,0.106109335968597
34003025,3,0,4.45,0.120984020968406
34003025,3,0,4.5,0.135858705968215
34003025,3,0,4.55,0.152887621506117
34003025,3,0,4.6,0.169916537044018
34003025,3,0,4.65,0.188942705234948
34003025,3,0,4.7,0.207968873425878
34003025,3,0,4.75,0.228750257300615
34003025,3,0,4.8,0.249531641175353
34003025,3,0,4.85,0.271873511772206
34003025,3,0,4.9,0.294215382369058
34003025,3,0,4.95,0.318562213051205
34003025,3,0,5,0.342909043733352
34003025,3,0,5.05,0.366057971623673
34003025,3,0,5.1,0.389206899513993
34003025,3,0,5.15,0.413171144492414
34003025,3,0,5.2,0.437135389470834
34003025,3,0,5.25,0.461570732489247
34003025,3,0,5.3,0.48600607550766
34003025,3,0,5.35,0.510547221818094
34003025,3,0,5.4,0.535088368128527
34003025,3,0,5.45,0.559019594960948
34003025,3,0,5.5,0.582950821793369
34003025,3,0,5.55,0.603104175336903
34003025,3,0,5.6,0.623257528880436
34003025,3,0,5.65,0.644066354790453
34003025,3,0,5.7,0.66487518070047
34003025,3,0,5.75,0.684321381352857
34003025,3,0,5.8,0.703767582005244
34003025,3,0,5.85,0.721752660284257
34003025,3,0,5.9,0.739737738563269
34003025,3,0,5.95,0.756210717906725
34003025,3,0,6,0.772683697250181
34003024,3,1,0,0
34003024,3,1,0.05,0
34003024,3,1,0.1,0
34003024,3,1,0.15,0
34003024,3,1,0.2,0
34003024,3,1,0.25,0
34003024,3,1,0.3,0
34003024,3,1,0.35,0
34003024,3,1,0.4,0
34003024,3,1,0.45,0
34003024,3,1,0.5,0
34003024,3,1,0.55,0
34003024,3,1,0.6,0
34003024,3,1,0.65,0
34003024,3,1,0.7,0
34003024,3,1,0.75,0
34003024,3,1,0.8,0
34003024,3,1,0.85,0
34003024,3,1,0.9,0
34003024,3,1,0.95,0
34003024,3,1,1,0
34003024,3,1,1.05,0
34003024,3,1,1.1,0
34003024,3,1,1.15,0
34003024,3,1,1.2,0
34003024,3,1,1.25,0
34003024,3,1,1.3,0
34003024,3,1,1.35,0
34003024,3,1,1.4,0
34003024,3,1,1.45,0
34003024,3,1,1.5,0
34003024,3,1,1.55,0
34003024,3,1,1.6,0
34003024,3,1,1.65,0
34003024,3,1,1.7,0
34003024,3,1,1.75,0
34003024,3,1,1.8,0
34003024,3,1,1.85,0
34003024,3,1,1.9,0
34003024,3,1,1.95,0
34003024,3,1,2,0
34003024,3,1,2.05,1.07447269029288E-10
34003024,3,1,2.1,2.14894538058575E-10
34003024,3,1,2.15,7.90744889619875E-10
34003024,3,1,2.2,1.36659524118118E-09
34003024,3,1,2.25,4.44060492076303E-09
34003024,3,1,2.3,7.51461460034501E-09
34003024,3,1,2.35,2.21293037514149E-08
34003024,3,1,2.4,3.67439929024853E-08
34003024,3,1,2.45,9.79336788711482E-08
34003024,3,1,2.5,1.59123364839811E-07
34003024,3,1,2.55,3.88840531007467E-07
34003024,3,1,2.6,6.18557697175121E-07
34003024,3,1,2.65,1.39134389952961E-06
34003024,3,1,2.7,2.1641301018841E-06
34003024,3,1,2.75,4.51607547543825E-06
34003024,3,1,2.8,6.86802084899247E-06
34003024,3,1,2.85,1.33618721391544E-05
34003024,3,1,2.9,1.98557234293165E-05
34003024,3,1,2.95,3.62804783539523E-05
34003024,3,1,3,0.000052705233278588
34003024,3,1,3.05,9.49924230350702E-05
34003024,3,1,3.1,0.000137279612791552
34003024,3,1,3.15,0.000216099144795628
34003024,3,1,3.2,0.000294918676799703
34003024,3,1,3.25,0.000460790759084762
34003024,3,1,3.3,0.000626662841369825
34003024,3,1,3.35,0.000959203547727837
34003024,3,1,3.4,0.00129174425408586
34003024,3,1,3.45,0.00185855641150193
34003024,3,1,3.5,0.002425368568918
34003024,3,1,3.55,0.00332651127482011
34003024,3,1,3.6,0.00422765398072222
34003024,3,1,3.65,0.00570647310709373
34003024,3,1,3.7,0.00718529223346522
34003024,3,1,3.75,0.00956918683659821
34003024,3,1,3.8,0.0119530814397312
34003024,3,1,3.85,0.0150836559317804
34003024,3,1,3.9,0.0182142304238296
34003024,3,1,3.95,0.0227419374877078
34003024,3,1,4,0.0272696445515859
34003024,3,1,4.05,0.0333564448266565
34003024,3,1,4.1,0.0394432451017273
34003024,3,1,4.15,0.0473097761284837
34003024,3,1,4.2,0.0551763071552401
34003024,3,1,4.25,0.0651044840155719
34003024,3,1,4.3,0.0750326608759036
34003024,3,1,4.35,0.0869826817099596
34003024,3,1,4.4,0.0989327025440153
34003024,3,1,4.45,0.113041009767814
34003024,3,1,4.5,0.127149316991612
34003024,3,1,4.55,0.143386144394493
34003024,3,1,4.6,0.159622971797374
34003024,3,1,4.65,0.177861214909986
34003024,3,1,4.7,0.196099458022597
34003024,3,1,4.75,0.216127919424571
34003024,3,1,4.8,0.236156380826546
34003024,3,1,4.85,0.257692779228006
34003024,3,1,4.9,0.279229177629465
34003024,3,1,4.95,0.30330435726665
34003024,3,1,5,0.327379536903834
34003024,3,1,5.05,0.350073000559794
34003024,3,1,5.1,0.372766464215754
34003024,3,1,5.15,0.396179756262783
34003024,3,1,5.2,0.419593048309812
34003024,3,1,5.25,0.443590475294469
34003024,3,1,5.3,0.467587902279126
34003024,3,1,5.35,0.491823460146569
34003024,3,1,5.4,0.516059018014011
34003024,3,1,5.45,0.540176256734057
34003024,3,1,5.5,0.564293495454103
34003024,3,1,5.55,0.584919665950228
34003024,3,1,5.6,0.605545836446352
34003024,3,1,5.65,0.626498410404867
34003024,3,1,5.7,0.647450984363381
34003024,3,1,5.75,0.667243711730971
34003024,3,1,5.8,0.68703643909856
34003024,3,1,5.85,0.705440679834694
34003024,3,1,5.9,0.723844920570828
34003024,3,1,5.95,0.740792249655065
34003024,3,1,6,0.757739578739301
34003024,2,0,0,0
34003024,2,0,0.05,0
34003024,2,0,0.1,0
34003024,2,0,0.15,0
34003024,2,0,0.2,0
34003024,2,0,0.25,0
34003024,2,0,0.3,0
34003024,2,0,0.35,0
34003024,2,0,0.4,0
34003024,2,0,0.45,0
34003024,2,0,0.5,0
34003024,2,0,0.55,0
34003024,2,0,0.6,0
34003024,2,0,0.65,0
34003024,2,0,0.7,0
34003024,2,0,0.75,0
34003024,2,0,0.8,0
34003024,2,0,0.85,0
34003024,2,0,0.9,0
34003024,2,0,0.95,0
34003024,2,0,1,0
34003024,2,0,1.05,0
34003024,2,0,1.1,0
34003024,2,0,1.15,0
34003024,2,0,1.2,0
34003024,2,0,1.25,0
34003024,2,0,1.3,0
34003024,2,0,1.35,0
34003024,2,0,1.4,0
34003024,2,0,1.45,0
34003024,2,0,1.5,0
34003024,2,0,1.55,0
34003024,2,0,1.6,0
34003024,2,0,1.65,0
34003024,2,0,1.7,0
34003024,2,0,1.75,0
34003024,2,0,1.8,0
34003024,2,0,1.85,0
34003024,2,0,1.9,0
34003024,2,0,1.95,0
34003024,2,0,2,0
34003024,2,0,2.05,0
34003024,2,0,2.1,0
34003024,2,0,2.15,0
34003024,2,0,2.2,0
34003024,2,0,2.25,0
34003024,2,0,2.3,0
34003024,2,0,2.35,0
34003024,2,0,2.4,0
34003024,2,0,2.45,0
34003024,2,0,2.5,0
34003024,2,0,2.55,0
34003024,2,0,2.6,0
34003024,2,0,2.65,0
34003024,2,0,2.7,0
34003024,2,0,2.75,0
34003024,2,0,2.8,0
34003024,2,0,2.85,0
34003024,2,0,2.9,0
34003024,2,0,2.95,0
34003024,2,0,3,0
34003024,2,0,3.05,0
34003024,2,0,3.1,0
34003024,2,0,3.15,0
34003024,2,0,3.2,0
34003024,2,0,3.25,0
34003024,2,0,3.3,0
34003024,2,0,3.35,0
34003024,2,0,3.4,0
34003024,2,0,3.45,0
34003024,2,0,3.5,0
34003024,2,0,3.55,0
34003024,2,0,3.6,0
34003024,2,0,3.65,0
34003024,2,0,3.7,0
34003024,2,0,3.75,0
34003024,2,0,3.8,0
34003024,2,0,3.85,0
34003024,2,0,3.9,0
34003024,2,0,3.95,0
34003024,2,0,4,1.69153937785922E-14
34003024,2,0,4.05,0.119031501747069
34003024,2,0,4.1,0.468526112223123
34003024,2,0,4.15,0.713959864440614
34003024,2,0,4.2,0.846583856121133
34003024,2,0,4.25,0.915634279859481
34003024,2,0,4.3,0.9521290722342
34003024,2,0,4.35,0.971977248049448
34003024,2,0,4.4,0.983112941314578
34003024,2,0,4.45,0.989551022653302
34003024,2,0,4.5,0.993378340093296
34003024,2,0,4.55,0.995712275987015
34003024,2,0,4.6,0.997168866589465
34003024,2,0,4.65,0.998097244674207
34003024,2,0,4.7,0.998700405368546
34003024,2,0,4.75,0.999099189104941
34003024,2,0,4.8,0.999367104822945
34003024,2,0,4.85,0.999549767554307
34003024,2,0,4.9,0.999676006169546
34003024,2,0,4.95,0.999764350909877
34003024,2,0,5,0.999826899801018
34003024,2,0,5.05,0.99988944869216
34003024,2,0,5.1,0.999951997583302
34003024,2,0,5.15,1
34003024,2,0,5.2,1
34003024,2,0,5.25,1
34003024,2,0,5.3,1
34003024,2,0,5.35,1
34003024,2,0,5.4,1
34003024,2,0,5.45,1
34003024,2,0,5.5,1
34003024,2,0,5.55,1
34003024,2,0,5.6,1
34003024,2,0,5.65,1
34003024,2,0,5.7,1
34003024,2,0,5.75,1
34003024,2,0,5.8,1
34003024,2,0,5.85,1
34003024,2,0,5.9,1
34003024,2,0,5.95,1
34003024,2,0,6,1
34002012,2,0,1,0
34002012,2,0,1.05,0
34002012,2,0,1.1,0
34002012,2,0,1.15,0
34002012,2,0,1.2,0
34002012,2,0,1.25,0
34002012,2,0,1.3,0
34002012,2,0,1.35,0
34002012,2,0,1.4,0
34002012,2,0,1.45,0
34002012,2,0,1.5,0
34002012,2,0,1.55,0
34002012,2,0,1.6,0
34002012,2,0,1.65,0
34002012,2,0,1.7,0
34002012,2,0,1.75,0
34002012,2,0,1.8,0
34002012,2,0,1.85,0
34002012,2,0,1.9,0
34002012,2,0,1.95,0
34002012,2,0,2,0
34002012,2,0,2.05,0
34002012,2,0,2.1,0
34002012,2,0,2.15,0
34002012,2,0,2.2,0
34002012,2,0,2.25,0
34002012,2,0,2.3,0
34002012,2,0,2.35,0
34002012,2,0,2.4,0
34002012,2,0,2.45,0
34002012,2,0,2.5,0
34002012,2,0,2.55,0
34002012,2,0,2.6,0
34002012,2,0,2.65,0
34002012,2,0,2.7,0
34002012,2,0,2.75,0
34002012,2,0,2.8,0
34002012,2,0,2.85,0
34002012,2,0,2.9,0
34002012,2,0,2.95,0
34002012,2,0,3,0
34002012,2,0,3.05,0
34002012,2,0,3.1,0
34002012,2,0,3.15,0
34002012,2,0,3.2,0
34002012,2,0,3.25,0
34002012,2,0,3.3,0
34002012,2,0,3.35,0
34002012,2,0,3.4,0
34002012,2,0,3.45,0
34002012,2,0,3.5,0
34002012,2,0,3.55,0
34002012,2,0,3.6,0
34002012,2,0,3.65,0
34002012,2,0,3.7,0
34002012,2,0,3.75,0
34002012,2,0,3.8,0
34002012,2,0,3.85,0
34002012,2,0,3.9,0
34002012,2,0,3.95,0
34002012,2,0,4,0
34002012,2,0,4.05,0
34002012,2,0,4.1,0
34002012,2,0,4.15,0
34002012,2,0,4.2,0
34002012,2,0,4.25,0
34002012,2,0,4.3,0
34002012,2,0,4.35,0
34002012,2,0,4.4,0
34002012,2,0,4.45,0
34002012,2,0,4.5,2.53730906678882E-14
34002012,2,0,4.55,0.119031501747094
34002012,2,0,4.6,0.468526112223136
34002012,2,0,4.65,0.713959864440621
34002012,2,0,4.7,0.846583856121137
34002012,2,0,4.75,0.915634279859484
34002012,2,0,4.8,0.952129072234202
34002012,2,0,4.85,0.971977248049448
34002012,2,0,4.9,0.983112941314579
34002012,2,0,4.95,0.989551022653302
34002012,2,0,5,0.993378340093296
34002012,2,0,5.05,0.995712275987015
34002012,2,0,5.1,0.997168866589465
34002012,2,0,5.15,0.998097244674207
34002012,2,0,5.2,0.998700405368546
34002012,2,0,5.25,0.99909918910494
34002012,2,0,5.3,0.999367104822945
34002012,2,0,5.35,0.999549767554307
34002012,2,0,5.4,0.999676006169546
34002012,2,0,5.45,0.999764350909877
34002012,2,0,5.5,0.999826899801018
34002012,2,0,5.55,0.99988944869216
34002012,2,0,5.6,0.999951997583302
34002012,2,0,5.65,1
34002012,2,0,5.7,1
34002012,2,0,5.75,1
34002012,2,0,5.8,1
34002012,2,0,5.85,1
34002012,2,0,5.9,1
34002012,2,0,5.95,1
34002012,2,0,6,1
34003023,2,0,0,0
34003023,2,0,0.05,0
34003023,2,0,0.1,0
34003023,2,0,0.15,0
34003023,2,0,0.2,0
34003023,2,0,0.25,0
34003023,2,0,0.3,0
34003023,2,0,0.35,0
34003023,2,0,0.4,0
34003023,2,0,0.45,0
34003023,2,0,0.5,0
34003023,2,0,0.55,0
34003023,2,0,0.6,0
34003023,2,0,0.65,0
34003023,2,0,0.7,0
34003023,2,0,0.75,0
34003023,2,0,0.8,0
34003023,2,0,0.85,0
34003023,2,0,0.9,0
34003023,2,0,0.95,0
34003023,2,0,1,0
34003023,2,0,1.05,0
34003023,2,0,1.1,0
34003023,2,0,1.15,0
34003023,2,0,1.2,0
34003023,2,0,1.25,0
34003023,2,0,1.3,0
34003023,2,0,1.35,0
34003023,2,0,1.4,0
34003023,2,0,1.45,0
34003023,2,0,1.5,0
34003023,2,0,1.55,0
34003023,2,0,1.6,0
34003023,2,0,1.65,0
34003023,2,0,1.7,0
34003023,2,0,1.75,0
34003023,2,0,1.8,0
34003023,2,0,1.85,0
34003023,2,0,1.9,0
34003023,2,0,1.95,0
34003023,2,0,2,0
34003023,2,0,2.05,0
34003023,2,0,2.1,0
34003023,2,0,2.15,0
34003023,2,0,2.2,0
34003023,2,0,2.25,0
34003023,2,0,2.3,0
34003023,2,0,2.35,0
34003023,2,0,2.4,0
34003023,2,0,2.45,0
34003023,2,0,2.5,0
34003023,2,0,2.55,0
34003023,2,0,2.6,0
34003023,2,0,2.65,0
34003023,2,0,2.7,0
34003023,2,0,2.75,0
34003023,2,0,2.8,0
34003023,2,0,2.85,0
34003023,2,0,2.9,0
34003023,2,0,2.95,0
34003023,2,0,3,0
34003023,2,0,3.05,0
34003023,2,0,3.1,0
34003023,2,0,3.15,0
34003023,2,0,3.2,0
34003023,2,0,3.25,0
34003023,2,0,3.3,0
34003023,2,0,3.35,0
34003023,2,0,3.4,0
34003023,2,0,3.45,0
34003023,2,0,3.5,0
34003023,2,0,3.55,0
34003023,2,0,3.6,0
34003023,2,0,3.65,0
34003023,2,0,3.7,0
34003023,2,0,3.75,0
34003023,2,0,3.8,0
34003023,2,0,3.85,0
34003023,2,0,3.9,0
34003023,2,0,3.95,0
34003023,2,0,4,1.69153937785922E-14
34003023,2,0,4.05,0.119031501747069
34003023,2,0,4.1,0.468526112223123
34003023,2,0,4.15,0.713959864440614
34003023,2,0,4.2,0.846583856121133
34003023,2,0,4.25,0.915634279859481
34003023,2,0,4.3,0.9521290722342
34003023,2,0,4.35,0.971977248049448
34003023,2,0,4.4,0.983112941314578
34003023,2,0,4.45,0.989551022653302
34003023,2,0,4.5,0.993378340093296
34003023,2,0,4.55,0.995712275987015
34003023,2,0,4.6,0.997168866589465
34003023,2,0,4.65,0.998097244674207
34003023,2,0,4.7,0.998700405368546
34003023,2,0,4.75,0.999099189104941
34003023,2,0,4.8,0.999367104822945
34003023,2,0,4.85,0.999549767554307
34003023,2,0,4.9,0.999676006169546
34003023,2,0,4.95,0.999764350909877
34003023,2,0,5,0.999826899801018
34003023,2,0,5.05,0.99988944869216
34003023,2,0,5.1,0.999951997583302
34003023,2,0,5.15,1
34003023,2,0,5.2,1
34003023,2,0,5.25,1
34003023,2,0,5.3,1
34003023,2,0,5.35,1
34003023,2,0,5.4,1
34003023,2,0,5.45,1
34003023,2,0,5.5,1
34003023,2,0,5.55,1
34003023,2,0,5.6,1
34003023,2,0,5.65,1
34003023,2,0,5.7,1
34003023,2,0,5.75,1
34003023,2,0,5.8,1
34003023,2,0,5.85,1
34003023,2,0,5.9,1
34003023,2,0,5.95,1
34003023,2,0,6,1
34002010,2,0,0,0
34002010,2,0,0.05,0
34002010,2,0,0.1,0
34002010,2,0,0.15,0
34002010,2,0,0.2,0
34002010,2,0,0.25,0
34002010,2,0,0.3,0
34002010,2,0,0.35,0
34002010,2,0,0.4,0
34002010,2,0,0.45,0
34002010,2,0,0.5,0
34002010,2,0,0.55,0
34002010,2,0,0.6,0
34002010,2,0,0.65,0
34002010,2,0,0.7,0
34002010,2,0,0.75,0
34002010,2,0,0.8,0
34002010,2,0,0.85,0
34002010,2,0,0.9,0
34002010,2,0,0.95,0
34002010,2,0,1,0
34002010,2,0,1.05,0
34002010,2,0,1.1,0
34002010,2,0,1.15,0
34002010,2,0,1.2,0
34002010,2,0,1.25,0
34002010,2,0,1.3,0
34002010,2,0,1.35,0
34002010,2,0,1.4,0
34002010,2,0,1.45,0
34002010,2,0,1.5,0
34002010,2,0,1.55,0
34002010,2,0,1.6,0
34002010,2,0,1.65,0
34002010,2,0,1.7,0
34002010,2,0,1.75,0
34002010,2,0,1.8,0
34002010,2,0,1.85,0
34002010,2,0,1.9,0
34002010,2,0,1.95,0
34002010,2,0,2,0
34002010,2,0,2.05,0
34002010,2,0,2.1,0
34002010,2,0,2.15,0
34002010,2,0,2.2,0
34002010,2,0,2.25,0
34002010,2,0,2.3,0
34002010,2,0,2.35,0
34002010,2,0,2.4,0
34002010,2,0,2.45,0
34002010,2,0,2.5,0
34002010,2,0,2.55,0
34002010,2,0,2.6,0
34002010,2,0,2.65,0
34002010,2,0,2.7,0
34002010,2,0,2.75,0
34002010,2,0,2.8,0
34002010,2,0,2.85,0
34002010,2,0,2.9,0
34002010,2,0,2.95,0
34002010,2,0,3,0
34002010,2,0,3.05,0
34002010,2,0,3.1,0
34002010,2,0,3.15,0
34002010,2,0,3.2,0
34002010,2,0,3.25,0
34002010,2,0,3.3,0
34002010,2,0,3.35,0
34002010,2,0,3.4,0
34002010,2,0,3.45,0
34002010,2,0,3.5,0
34002010,2,0,3.55,0
34002010,2,0,3.6,0
34002010,2,0,3.65,0
34002010,2,0,3.7,0
34002010,2,0,3.75,0
34002010,2,0,3.8,0
34002010,2,0,3.85,0
34002010,2,0,3.9,0
34002010,2,0,3.95,0
34002010,2,0,4,0
34002010,2,0,4.05,0
34002010,2,0,4.1,0
34002010,2,0,4.15,0
34002010,2,0,4.2,0
34002010,2,0,4.25,0
34002010,2,0,4.3,0
34002010,2,0,4.35,0
34002010,2,0,4.4,0
34002010,2,0,4.45,0
34002010,2,0,4.5,1.69153937785922E-14
34002010,2,0,4.55,0.119031501747069
34002010,2,0,4.6,0.468526112223123
34002010,2,0,4.65,0.713959864440614
34002010,2,0,4.7,0.846583856121133
34002010,2,0,4.75,0.915634279859481
34002010,2,0,4.8,0.952129072234201
34002010,2,0,4.85,0.971977248049448
34002010,2,0,4.9,0.983112941314578
34002010,2,0,4.95,0.989551022653302
34002010,2,0,5,0.993378340093296
34002010,2,0,5.05,0.995712275987015
34002010,2,0,5.1,0.997168866589465
34002010,2,0,5.15,0.998097244674207
34002010,2,0,5.2,0.998700405368546
34002010,2,0,5.25,0.999099189104941
34002010,2,0,5.3,0.999367104822945
34002010,2,0,5.35,0.999549767554307
34002010,2,0,5.4,0.999676006169546
34002010,2,0,5.45,0.999764350909877
34002010,2,0,5.5,0.999826899801018
34002010,2,0,5.55,0.99988944869216
34002010,2,0,5.6,0.999951997583302
34002010,2,0,5.65,1
34002010,2,0,5.7,1
34002010,2,0,5.75,1
34002010,2,0,5.8,1
34002010,2,0,5.85,1
34002010,2,0,5.9,1
34002010,2,0,5.95,1
34002010,2,0,6,1
34002011,2,0,0.5,0
34002011,2,0,0.55,0
34002011,2,0,0.6,0
34002011,2,0,0.65,0
34002011,2,0,0.7,0
34002011,2,0,0.75,0
34002011,2,0,0.8,0
34002011,2,0,0.85,0
34002011,2,0,0.9,0
34002011,2,0,0.95,0
34002011,2,0,1,0
34002011,2,0,1.05,0
34002011,2,0,1.1,0
34002011,2,0,1.15,0
34002011,2,0,1.2,0
34002011,2,0,1.25,0
34002011,2,0,1.3,0
34002011,2,0,1.35,0
34002011,2,0,1.4,0
34002011,2,0,1.45,0
34002011,2,0,1.5,0
34002011,2,0,1.55,0
34002011,2,0,1.6,0
34002011,2,0,1.65,0
34002011,2,0,1.7,0
34002011,2,0,1.75,0
34002011,2,0,1.8,0
34002011,2,0,1.85,0
34002011,2,0,1.9,0
34002011,2,0,1.95,0
34002011,2,0,2,0
34002011,2,0,2.05,0
34002011,2,0,2.1,0
34002011,2,0,2.15,0
34002011,2,0,2.2,0
34002011,2,0,2.25,0
34002011,2,0,2.3,0
34002011,2,0,2.35,0
34002011,2,0,2.4,0
34002011,2,0,2.45,0
34002011,2,0,2.5,0
34002011,2,0,2.55,0
34002011,2,0,2.6,0
34002011,2,0,2.65,0
34002011,2,0,2.7,0
34002011,2,0,2.75,0
34002011,2,0,2.8,0
34002011,2,0,2.85,0
34002011,2,0,2.9,0
34002011,2,0,2.95,0
34002011,2,0,3,0
34002011,2,0,3.05,0
34002011,2,0,3.1,0
34002011,2,0,3.15,0
34002011,2,0,3.2,0
34002011,2,0,3.25,0
34002011,2,0,3.3,0
34002011,2,0,3.35,0
34002011,2,0,3.4,0
34002011,2,0,3.45,0
34002011,2,0,3.5,0
34002011,2,0,3.55,0
34002011,2,0,3.6,0
34002011,2,0,3.65,0
34002011,2,0,3.7,0
34002011,2,0,3.75,0
34002011,2,0,3.8,0
34002011,2,0,3.85,0
34002011,2,0,3.9,0
34002011,2,0,3.95,0
34002011,2,0,4,0
34002011,2,0,4.05,0
34002011,2,0,4.1,0
34002011,2,0,4.15,0
34002011,2,0,4.2,0
34002011,2,0,4.25,0
34002011,2,0,4.3,0
34002011,2,0,4.35,0
34002011,2,0,4.4,0
34002011,2,0,4.45,0
34002011,2,0,4.5,2.53730906678882E-14
34002011,2,0,4.55,0.119031501747094
34002011,2,0,4.6,0.468526112223136
34002011,2,0,4.65,0.713959864440624
34002011,2,0,4.7,0.846583856121138
34002011,2,0,4.75,0.915634279859484
34002011,2,0,4.8,0.952129072234202
34002011,2,0,4.85,0.971977248049448
34002011,2,0,4.9,0.983112941314579
34002011,2,0,4.95,0.989551022653302
34002011,2,0,5,0.993378340093296
34002011,2,0,5.05,0.995712275987015
34002011,2,0,5.1,0.997168866589465
34002011,2,0,5.15,0.998097244674207
34002011,2,0,5.2,0.998700405368546
34002011,2,0,5.25,0.99909918910494
34002011,2,0,5.3,0.999367104822945
34002011,2,0,5.35,0.999549767554307
34002011,2,0,5.4,0.999676006169546
34002011,2,0,5.45,0.999764350909877
34002011,2,0,5.5,0.999826899801018
34003024,2,1,0,0
34003024,2,1,0.05,0
34003024,2,1,0.1,0
34003024,2,1,0.15,0
34003024,2,1,0.2,0
34003024,2,1,0.25,0
34003024,2,1,0.3,0
34003024,2,1,0.35,0
34003024,2,1,0.4,0
34003024,2,1,0.45,0
34003024,2,1,0.5,0
34003024,2,1,0.55,0
34003024,2,1,0.6,0
34003024,2,1,0.65,0
34003024,2,1,0.7,0
34003024,2,1,0.75,0
34003024,2,1,0.8,0
34003024,2,1,0.85,0
34003024,2,1,0.9,0
34003024,2,1,0.95,0
34003024,2,1,1,0
34003024,2,1,1.05,0
34003024,2,1,1.1,0
34003024,2,1,1.15,0
34003024,2,1,1.2,0
34003024,2,1,1.25,0
34003024,2,1,1.3,0
34003024,2,1,1.35,0
34003024,2,1,1.4,0
34003024,2,1,1.45,0
34003024,2,1,1.5,0
34003024,2,1,1.55,0
34003024,2,1,1.6,0
34003024,2,1,1.65,0
34003024,2,1,1.7,0
34003024,2,1,1.75,0
34003024,2,1,1.8,0
34003024,2,1,1.85,0
34003024,2,1,1.9,0
34003024,2,1,1.95,0
34003024,2,1,2,0
34003024,2,1,2.05,0
34003024,2,1,2.1,0
34003024,2,1,2.15,0
34003024,2,1,2.2,0
34003024,2,1,2.25,0
34003024,2,1,2.3,0
34003024,2,1,2.35,0
34003024,2,1,2.4,0
34003024,2,1,2.45,0
34003024,2,1,2.5,0
34003024,2,1,2.55,0
34003024,2,1,2.6,0
34003024,2,1,2.65,0
34003024,2,1,2.7,0
34003024,2,1,2.75,0
34003024,2,1,2.8,0
34003024,2,1,2.85,0
34003024,2,1,2.9,0
34003024,2,1,2.95,0
34003024,2,1,3,0
34003024,2,1,3.05,0
34003024,2,1,3.1,0
34003024,2,1,3.15,0
34003024,2,1,3.2,0
34003024,2,1,3.25,0
34003024,2,1,3.3,0
34003024,2,1,3.35,0
34003024,2,1,3.4,0
34003024,2,1,3.45,0
34003024,2,1,3.5,0
34003024,2,1,3.55,0
34003024,2,1,3.6,0
34003024,2,1,3.65,0
34003024,2,1,3.7,0
34003024,2,1,3.75,0
34003024,2,1,3.8,0
34003024,2,1,3.85,0
34003024,2,1,3.9,0
34003024,2,1,3.95,0
34003024,2,1,4,0
34003024,2,1,4.05,0
34003024,2,1,4.1,0
34003024,2,1,4.15,0
34003024,2,1,4.2,0
34003024,2,1,4.25,0
34003024,2,1,4.3,0
34003024,2,1,4.35,0
34003024,2,1,4.4,0
34003024,2,1,4.45,0
34003024,2,1,4.5,1.69153937785922E-14
34003024,2,1,4.55,0.119031501747069
34003024,2,1,4.6,0.468526112223123
34003024,2,1,4.65,0.713959864440614
34003024,2,1,4.7,0.846583856121133
34003024,2,1,4.75,0.915634279859481
34003024,2,1,4.8,0.952129072234201
34003024,2,1,4.85,0.971977248049448
34003024,2,1,4.9,0.983112941314578
34003024,2,1,4.95,0.989551022653302
34003024,2,1,5,0.993378340093296
34003024,2,1,5.05,0.995712275987015
34003024,2,1,5.1,0.997168866589465
34003024,2,1,5.15,0.998097244674207
34003024,2,1,5.2,0.998700405368546
34003024,2,1,5.25,0.999099189104941
34003024,2,1,5.3,0.999367104822945
34003024,2,1,5.35,0.999549767554307
34003024,2,1,5.4,0.999676006169546
34003024,2,1,5.45,0.999764350909877
34003024,2,1,5.5,0.999826899801018
34003024,2,1,5.55,0.99988944869216
34003024,2,1,5.6,0.999951997583302
34003024,2,1,5.65,1
34003024,2,1,5.7,1
34003024,2,1,5.75,1
34003024,2,1,5.8,1
34003024,2,1,5.85,1
34003024,2,1,5.9,1
34003024,2,1,5.95,1
34003024,2,1,6,1
34003025,2,0,0,0
34003025,2,0,0.05,0
34003025,2,0,0.1,0
34003025,2,0,0.15,0
34003025,2,0,0.2,0
34003025,2,0,0.25,0
34003025,2,0,0.3,0
34003025,2,0,0.35,0
34003025,2,0,0.4,0
34003025,2,0,0.45,0
34003025,2,0,0.5,0
34003025,2,0,0.55,0
34003025,2,0,0.6,0
34003025,2,0,0.65,0
34003025,2,0,0.7,0
34003025,2,0,0.75,0
34003025,2,0,0.8,0
34003025,2,0,0.85,0
34003025,2,0,0.9,0
34003025,2,0,0.95,0
34003025,2,0,1,0
34003025,2,0,1.05,0
34003025,2,0,1.1,0
34003025,2,0,1.15,0
34003025,2,0,1.2,0
34003025,2,0,1.25,0
34003025,2,0,1.3,0
34003025,2,0,1.35,0
34003025,2,0,1.4,0
34003025,2,0,1.45,0
34003025,2,0,1.5,0
34003025,2,0,1.55,0
34003025,2,0,1.6,0
34003025,2,0,1.65,0
34003025,2,0,1.7,0
34003025,2,0,1.75,0
34003025,2,0,1.8,0
34003025,2,0,1.85,0
34003025,2,0,1.9,0
34003025,2,0,1.95,0
34003025,2,0,2,0
34003025,2,0,2.05,0
34003025,2,0,2.1,0
34003025,2,0,2.15,0
34003025,2,0,2.2,0
34003025,2,0,2.25,0
34003025,2,0,2.3,0
34003025,2,0,2.35,0
34003025,2,0,2.4,0
34003025,2,0,2.45,0
34003025,2,0,2.5,0
34003025,2,0,2.55,0
34003025,2,0,2.6,0
34003025,2,0,2.65,0
34003025,2,0,2.7,0
34003025,2,0,2.75,0
34003025,2,0,2.8,0
34003025,2,0,2.85,0
34003025,2,0,2.9,0
34003025,2,0,2.95,0
34003025,2,0,3,0
34003025,2,0,3.05,0
34003025,2,0,3.1,0
34003025,2,0,3.15,0
34003025,2,0,3.2,0
34003025,2,0,3.25,0
34003025,2,0,3.3,0
34003025,2,0,3.35,0
34003025,2,0,3.4,0
34003025,2,0,3.45,0
34003025,2,0,3.5,0
34003025,2,0,3.55,0
34003025,2,0,3.6,0
34003025,2,0,3.65,0
34003025,2,0,3.7,0
34003025,2,0,3.75,0
34003025,2,0,3.8,0
34003025,2,0,3.85,0
34003025,2,0,3.9,0
34003025,2,0,3.95,0
34003025,2,0,4,1.69153937785922E-14
34003025,2,0,4.05,0.119031501747069
34003025,2,0,4.1,0.468526112223123
34003025,2,0,4.15,0.713959864440614
34003025,2,0,4.2,0.846583856121133
34003025,2,0,4.25,0.915634279859481
34003025,2,0,4.3,0.9521290722342
34003025,2,0,4.35,0.971977248049448
34003025,2,0,4.4,0.983112941314578
34003025,2,0,4.45,0.989551022653302
34003025,2,0,4.5,0.993378340093296
34003025,2,0,4.55,0.995712275987015
34003025,2,0,4.6,0.997168866589465
34003025,2,0,4.65,0.998097244674207
34003025,2,0,4.7,0.998700405368546
34003025,2,0,4.75,0.999099189104941
34003025,2,0,4.8,0.999367104822945
34003025,2,0,4.85,0.999549767554307
34003025,2,0,4.9,0.999676006169546
34003025,2,0,4.95,0.999764350909877
34003025,2,0,5,0.999826899801018
34003025,2,0,5.05,0.99988944869216
34003025,2,0,5.1,0.999951997583302
34003025,2,0,5.15,1
34003025,2,0,5.2,1
34003025,2,0,5.25,1
34003025,2,0,5.3,1
34003025,2,0,5.35,1
34003025,2,0,5.4,1
34003025,2,0,5.45,1
34003025,2,0,5.5,1
34003025,2,0,5.55,1
34003025,2,0,5.6,1
34003025,2,0,5.65,1
34003025,2,0,5.7,1
34003025,2,0,5.75,1
34003025,2,0,5.8,1
34003025,2,0,5.85,1
34003025,2,0,5.9,1
34003025,2,0,5.95,1
34003025,2,0,6,1
34002010,1,0,0,0
34002010,1,0,0.05,0
34002010,1,0,0.1,0
34002010,1,0,0.15,0
34002010,1,0,0.2,0
34002010,1,0,0.25,0
34002010,1,0,0.3,0
34002010,1,0,0.35,0
34002010,1,0,0.4,0
34002010,1,0,0.45,0
34002010,1,0,0.5,0
34002010,1,0,0.55,0
34002010,1,0,0.6,0
34002010,1,0,0.65,0
34002010,1,0,0.7,0
34002010,1,0,0.75,0
34002010,1,0,0.8,0
34002010,1,0,0.85,0
34002010,1,0,0.9,0
34002010,1,0,0.95,0
34002010,1,0,1,0
34002010,1,0,1.05,0
34002010,1,0,1.1,0
34002010,1,0,1.15,0
34002010,1,0,1.2,0
34002010,1,0,1.25,0
34002010,1,0,1.3,0
34002010,1,0,1.35,0
34002010,1,0,1.4,0
34002010,1,0,1.45,0
34002010,1,0,1.5,0
34002010,1,0,1.55,0
34002010,1,0,1.6,0
34002010,1,0,1.65,0
34002010,1,0,1.7,0
34002010,1,0,1.75,0
34002010,1,0,1.8,0
34002010,1,0,1.85,0
34002010,1,0,1.9,0
34002010,1,0,1.95,0
34002010,1,0,2,0
34002010,1,0,2.05,0
34002010,1,0,2.1,0
34002010,1,0,2.15,0
34002010,1,0,2.2,0
34002010,1,0,2.25,1.61488156180667E-10
34002010,1,0,2.3,3.22976423383636E-10
34002010,1,0,2.35,1.0046856679935E-09
34002010,1,0,2.4,1.68639502362566E-09
34002010,1,0,2.45,4.8247034145632E-09
34002010,1,0,2.5,7.96301169447844E-09
34002010,1,0,2.55,2.08249961719531E-08
34002010,1,0,2.6,3.36869806494278E-08
34002010,1,0,2.65,8.10276128415666E-08
34002010,1,0,2.7,1.28368245033705E-07
34002010,1,0,2.75,2.889708742293E-07
34002010,1,0,2.8,4.49573503535916E-07
34002010,1,0,2.85,9.4671927430845E-07
34002010,1,0,2.9,1.44386504519201E-06
34002010,1,0,2.95,2.84890298551943E-06
34002010,1,0,3,4.25394092584686E-06
34002010,1,0,3.05,7.92098314783551E-06
34002010,1,0,3.1,1.15880253698242E-05
34002010,1,0,3.15,0.000020438158903624
34002010,1,0,3.2,2.92882924373128E-05
34002010,1,0,3.25,4.92595526374595E-05
34002010,1,0,3.3,6.92308128374952E-05
34002010,1,0,3.35,0.000111344090144905
34002010,1,0,3.4,0.000153457367452314
34002010,1,0,3.45,0.000236909099440852
34002010,1,0,3.5,0.0003203608314295
34002010,1,0,3.55,0.000476423410965765
34002010,1,0,3.6,0.00063248599050203
34002010,1,0,3.65,0.000929468886297191
34002010,1,0,3.7,0.00122645178209235
34002010,1,0,3.75,0.0017023236064897
34002010,1,0,3.8,0.00217819543088704
34002010,1,0,3.85,0.0028968026061269
34002010,1,0,3.9,0.00361540978136676
34002010,1,0,3.95,0.00487639264837314
34002010,1,0,4,0.00613737551537963
34002010,1,0,4.05,0.00773560947756091
34002010,1,0,4.1,0.0093338434397422
34002010,1,0,4.15,0.0117631583909179
34002010,1,0,4.2,0.0141924733420935
34002010,1,0,4.25,0.0175402228774982
34002010,1,0,4.3,0.020887972412903
34002010,1,0,4.35,0.0253329321340895
34002010,1,0,4.4,0.029777891855276
34002010,1,0,4.45,0.035639308533738
34002010,1,0,4.5,0.0415007252122163
34002010,1,0,4.55,0.16192448162647
34002010,1,0,4.6,0.498222827041539
34002010,1,0,4.65,0.73245520355791
34002010,1,0,4.7,0.857851311123713
34002010,1,0,4.75,0.922714225023931
34002010,1,0,4.8,0.956647879311609
34002010,1,0,4.85,0.974964690159281
34002010,1,0,4.9,0.985119458676524
34002010,1,0,4.95,0.990938171309999
34002010,1,0,5,0.994349665785553
34002010,1,0,5.05,0.996408061748492
34002010,1,0,5.1,0.997672408227662
34002010,1,0,5.15,0.998468214997182
34002010,1,0,5.2,0.998976011619299
34002010,1,0,5.25,0.999306843794944
34002010,1,0,5.3,0.999524675808614
34002010,1,0,5.35,0.999670673176483
34002010,1,0,5.4,0.999769352795953
34002010,1,0,5.45,0.999837402659541
34002010,1,0,5.5,0.999884350399099
34002010,1,0,5.55,0.999928367748477
34002010,1,0,5.6,0.999969863997714
34002010,1,0,5.65,1
34002010,1,0,5.7,1
34002010,1,0,5.75,1
34002010,1,0,5.8,1
34002010,1,0,5.85,1
34002010,1,0,5.9,1
34002010,1,0,5.95,1
34002010,1,0,6,1
34002012,1,0,1,0
34002012,1,0,1.05,0
34002012,1,0,1.1,0
34002012,1,0,1.15,0
34002012,1,0,1.2,0
34002012,1,0,1.25,0
34002012,1,0,1.3,0
34002012,1,0,1.35,0
34002012,1,0,1.4,0
34002012,1,0,1.45,0
34002012,1,0,1.5,0
34002012,1,0,1.55,0
34002012,1,0,1.6,0
34002012,1,0,1.65,0
34002012,1,0,1.7,0
34002012,1,0,1.75,0
34002012,1,0,1.8,0
34002012,1,0,1.85,0
34002012,1,0,1.9,0
34002012,1,0,1.95,0
34002012,1,0,2,0
34002012,1,0,2.05,0
34002012,1,0,2.1,0
34002012,1,0,2.15,0
34002012,1,0,2.2,0
34002012,1,0,2.25,0
34002012,1,0,2.3,0
34002012,1,0,2.35,0
34002012,1,0,2.4,0
34002012,1,0,2.45,8.27700130656694E-11
34002012,1,0,2.5,1.65540137153641E-10
34002012,1,0,2.55,4.26445212475812E-10
34002012,1,0,2.6,6.87350287797983E-10
34002012,1,0,2.65,1.99618821472569E-09
34002012,1,0,2.7,3.3050261416534E-09
34002012,1,0,2.75,8.80055661678369E-09
34002012,1,0,2.8,1.42960872029363E-08
34002012,1,0,2.85,3.47517629117888E-08
34002012,1,0,2.9,5.52074385096191E-08
34002012,1,0,2.95,1.25382912385952E-07
34002012,1,0,3,1.95558386151262E-07
34002012,1,0,3.05,4.12787532377834E-07
34002012,1,0,3.1,6.30016678604406E-07
34002012,1,0,3.15,1.24393946465684E-06
34002012,1,0,3.2,1.85786225059825E-06
34002012,1,0,4.9,0.983692965762296
34002012,1,0,4.95,0.98996513895033
34002012,1,0,5,0.993675766446542
34002012,1,0,5.05,0.995932143660193
34002012,1,0,5.1,0.997332052077292
34002012,1,0,5.15,0.998221214414325
34002012,1,0,5.2,0.998794841537892
34002012,1,0,5.25,0.999172499603933
34002012,1,0,5.3,0.99942412849049
34002012,1,0,5.35,0.99959481111309
34002012,1,0,5.4,0.999711642424516
34002012,1,0,5.45,0.99979290212158
34002012,1,0,5.5,0.999849806010529
34002012,1,0,5.55,0.999905444140231
34002012,1,0,5.6,0.999959536209992
34002012,1,0,5.65,1
34002012,1,0,5.7,1
34002012,1,0,5.75,1
34002012,1,0,5.8,1
34002012,1,0,5.85,1
34002012,1,0,5.9,1
34002012,1,0,5.95,1
34002012,1,0,6,1
34003023,1,0,0,0
34003023,1,0,0.05,0
34003023,1,0,0.1,0
34003023,1,0,0.15,0
34003023,1,0,0.2,0
34003023,1,0,0.25,0
34003023,1,0,0.3,0
34003023,1,0,0.35,0
34003023,1,0,0.4,0
34003023,1,0,0.45,0
34003023,1,0,0.5,0
34003023,1,0,0.55,0
34003023,1,0,0.6,0
34003023,1,0,0.65,0
34003023,1,0,0.7,0
34003023,1,0,0.75,0
34003023,1,0,0.8,0
34003023,1,0,0.85,0
34003023,1,0,0.9,0
34003023,1,0,0.95,0
34003023,1,0,1,0
34003023,1,0,1.05,0
34003023,1,0,1.1,0
34003023,1,0,1.15,4.40373737475852E-10
34003023,1,0,1.2,8.80747363929402E-10
34003023,1,0,1.25,4.60364191212648E-09
34003023,1,0,1.3,8.32653634930125E-09
34003023,1,0,1.35,3.84928875440949E-08
34003023,1,0,1.4,6.86592388499108E-08
34003023,1,0,1.45,2.81346715036435E-07
34003023,1,0,1.5,4.94034191333981E-07
34003023,1,0,1.55,1.79886050200029E-06
34003023,1,0,1.6,3.10368681255557E-06
34003023,1,0,1.65,1.00694581635086E-05
34003023,1,0,1.7,1.70352295145726E-05
34003023,1,0,1.75,4.93951473410359E-05
34003023,1,0,1.8,8.17550651556198E-05
34003023,1,0,1.85,0.000212575099257761
34003023,1,0,1.9,0.000343395133228119
34003023,1,0,1.95,0.000803636667610852
34003023,1,0,2,0.00126387820042928
34003023,1,0,2.05,0.00267301295769873
34003023,1,0,2.1,0.00408214769990467
34003023,1,0,2.15,0.00783692820783066
34003023,1,0,2.2,0.011591708597758
34003023,1,0,2.25,0.0202991584632575
34003023,1,0,2.3,0.0290066075808108
34003023,1,0,2.35,0.0465809808591481
34003023,1,0,2.4,0.0641553502178231
34003023,1,0,2.45,0.0950268664097492
34003023,1,0,2.5,0.125898365697287
34003023,1,0,2.55,0.126772011353017
34003023,1,0,2.6,0.127645655913311
34003023,1,0,2.65,0.128528336583684
34003023,1,0,2.7,0.129411014824885
34003023,1,0,2.75,0.130303499741991
34003023,1,0,2.8,0.131195979324769
34003023,1,0,2.85,0.13209943399622
34003023,1,0,2.9,0.133002877977361
34003023,1,0,2.95,0.133918631594494
34003023,1,0,3,0.134834366281457
34003023,1,0,3.05,0.138472740813445
34003023,1,0,3.1,0.142110972939636
34003023,1,0,3.15,0.145891080996866
34003023,1,0,3.2,0.149670931460922
34003023,1,0,3.25,0.153600283766631
34003023,1,0,3.3,0.157529187697134
34003023,1,0,3.35,0.161618115084236
34003023,1,0,3.4,0.165706288460532
34003023,1,0,3.45,0.169968361777127
34003023,1,0,3.5,0.174229211014747
34003023,1,0,3.55,0.176415429488888
34003023,1,0,3.6,0.178600746466903
34003023,1,0,3.65,0.180902523780329
34003023,1,0,3.7,0.183202948338646
34003023,1,0,3.75,0.185652789861363
34003023,1,0,3.8,0.188100643626993
34003023,1,0,3.85,0.190736489811081
34003023,1,0,3.9,0.19336949061261
34003023,1,0,3.95,0.19622102184399
34003023,1,0,4,0.199068657702747
34003023,1,0,4.05,0.297150640542555
34003023,1,0,4.1,0.577636252612749
34003023,1,0,4.15,0.773678949567496
34003023,1,0,4.2,0.87914687699191
34003023,1,0,4.25,0.933872525438905
34003023,1,0,4.3,0.962665411770377
34003023,1,0,4.35,0.978264286202762
34003023,1,0,4.4,0.986973305906191
34003023,1,0,4.45,0.991989146105629
34003023,1,0,4.5,0.994954683539486
34003023,1,0,4.55,0.99675559756716
34003023,1,0,4.6,0.997872626097973
34003023,1,0,4.65,0.998581352603404
34003023,1,0,4.7,0.999038623740837
34003023,1,0,4.75,0.999339444061453
34003023,1,0,4.8,0.999539976693989
34003023,1,0,4.85,0.999675944058406
34003023,1,0,4.9,0.999769096192993
34003023,1,0,4.95,0.999833886762025
34003023,1,0,5,0.999879316154245
34003023,1,0,5.05,0.999923856026148
34003023,1,0,5.1,0.999967340077266
34003023,1,0,5.15,1
34003023,1,0,5.2,1
34003023,1,0,5.25,1
34003023,1,0,5.3,1
34003023,1,0,5.35,1
34003023,1,0,5.4,1
34003023,1,0,5.45,1
34003023,1,0,5.5,1
34003023,1,0,5.55,1
34003023,1,0,5.6,1
34003023,1,0,5.65,1
34003023,1,0,5.7,1
34003023,1,0,5.75,1
34003023,1,0,5.8,1
34003023,1,0,5.85,1
34003023,1,0,5.9,1
34003023,1,0,5.95,1
34003023,1,0,6,1
34003024,1,0,0,0
34003024,1,0,0.05,0
34003024,1,0,0.1,0
34003024,1,0,0.15,0
34003024,1,0,0.2,0
34003024,1,0,0.25,0
34003024,1,0,0.3,0
34003024,1,0,0.35,0
34003024,1,0,0.4,0
34003024,1,0,0.45,0
34003024,1,0,0.5,0
34003024,1,0,0.55,0
34003024,1,0,0.6,0
34003024,1,0,0.65,0
34003024,1,0,0.7,0
34003024,1,0,0.75,0
34003024,1,0,0.8,0
34003024,1,0,0.85,0
34003024,1,0,0.9,0
34003024,1,0,0.95,0
34003024,1,0,1,0
34003024,1,0,1.05,0
34003024,1,0,1.1,0
34003024,1,0,1.15,0
34003024,1,0,1.2,0
34003024,1,0,1.25,0
34003024,1,0,1.3,0
34003024,1,0,1.35,0
34003024,1,0,1.4,0
34003024,1,0,1.45,0
34003024,1,0,1.5,0
34003024,1,0,1.55,0
34003024,1,0,1.6,0
34003024,1,0,1.65,0
34003024,1,0,1.7,0
34003024,1,0,1.75,0
34003024,1,0,1.8,0
34003024,1,0,1.85,0
34003024,1,0,1.9,0
34003024,1,0,1.95,0
34003024,1,0,2,0
34003024,1,0,2.05,1.0744727330092E-10
34003024,1,0,2.1,2.1489454660184E-10
34003024,1,0,2.15,7.90744913992114E-10
34003024,1,0,2.2,1.36659528138239E-09
34003024,1,0,2.25,4.44060488380416E-09
34003024,1,0,2.3,7.51461459724823E-09
34003024,1,0,2.35,2.21293037228065E-08
34003024,1,0,2.4,3.67439928483648E-08
34003024,1,0,2.45,9.79336788331509E-08
34003024,1,0,2.5,1.59123364817937E-07
34003024,1,0,2.55,3.88840530995971E-07
34003024,1,0,2.6,6.18557697174005E-07
34003024,1,0,2.65,1.39134389953721E-06
34003024,1,0,2.7,2.16413010190042E-06
34003024,1,0,2.75,4.51607547546917E-06
34003024,1,0,2.8,6.86802084903793E-06
34003024,1,0,2.85,1.33618721391837E-05
34003024,1,0,2.9,1.98557234293295E-05
34003024,1,0,2.95,3.62804783539117E-05
34003024,1,0,3,5.27052332786049E-05
34003024,1,0,3.05,9.49924230351229E-05
34003024,1,0,3.1,0.00013727961279153
34003024,1,0,5.05,0.999928149720211
34003024,1,0,5.1,0.999969891274448
34003024,1,0,5.15,1
34003024,1,0,5.2,1
34003024,1,0,5.25,1
34003024,1,0,5.3,1
34003024,1,0,5.35,1
34003024,1,0,5.4,1
34003024,1,0,5.45,1
34003024,1,0,5.5,1
34003024,1,0,5.55,1
34003024,1,0,5.6,1
34003024,1,0,5.65,1
34003024,1,0,5.7,1
34003024,1,0,5.75,1
34003024,1,0,5.8,1
34003024,1,0,5.85,1
34003024,1,0,5.9,1
34003024,1,0,5.95,1
34003024,1,0,6,1
34003025,1,0,0,0
34003025,1,0,0.05,0
34003025,1,0,0.1,0
34003025,1,0,0.15,0
34003025,1,0,0.2,0
34003025,1,0,0.25,0
34003025,1,0,0.3,0
34003025,1,0,0.35,0
34003025,1,0,0.4,0
34003025,1,0,0.45,0
34003025,1,0,0.5,0
34003025,1,0,0.55,0
34003025,1,0,0.6,0
34003025,1,0,0.65,0
34003025,1,0,0.7,0
34003025,1,0,0.75,0
34003025,1,0,0.8,0
34003025,1,0,0.85,0
34003025,1,0,0.9,0
34003025,1,0,0.95,0
34003025,1,0,1,0
34003025,1,0,1.05,0
34003025,1,0,1.1,0
34003025,1,0,1.15,0
34003025,1,0,1.2,0
34003025,1,0,1.25,0
34003025,1,0,1.3,0
34003025,1,0,1.35,0
34003025,1,0,1.4,0
34003025,1,0,1.45,0
34003025,1,0,1.5,0
34003025,1,0,1.55,0
34003025,1,0,1.6,0
34003025,1,0,1.65,0
34003025,1,0,1.7,0
34003025,1,0,1.75,0
34003025,1,0,1.8,0
34003025,1,0,1.85,0
34003025,1,0,1.9,0
34003025,1,0,1.95,0
34003025,1,0,2,0
34003025,1,0,2.05,1.44430800652628E-10
34003025,1,0,2.1,2.88861601305257E-10
34003025,1,0,2.15,1.02601283025194E-09
34003025,1,0,2.2,1.76316417022093E-09
34003025,1,0,2.25,5.63005331244426E-09
34003025,1,0,2.3,9.49694245466759E-09
34003025,1,0,2.35,2.74076612516438E-08
34003025,1,0,2.4,4.53183799375978E-08
34003025,1,0,2.45,1.19018297217721E-07
34003025,1,0,2.5,1.92718214497845E-07
34003025,1,0,2.55,4.64917358500294E-07
34003025,1,0,2.6,7.37116502391721E-07
34003025,1,0,2.65,1.64089173970705E-06
34003025,1,0,2.7,2.5446669771334E-06
34003025,1,0,2.75,5.26228604325052E-06
34003025,1,0,2.8,7.97990510936764E-06
34003025,1,0,2.85,1.54256318904977E-05
34003025,1,0,2.9,2.28713586715168E-05
34003025,1,0,2.95,4.19202411969799E-05
34003025,1,0,3,0.000060969123722332
34003025,1,0,3.05,0.000107541700583691
34003025,1,0,3.1,0.000154114277444939
34003025,1,0,3.15,0.000243226820393017
34003025,1,0,3.2,0.000332339363340983
34003025,1,0,3.25,0.000518072767257793
34003025,1,0,3.3,0.000703806171174604
34003025,1,0,3.35,0.00105493150544045
34003025,1,0,3.4,0.00140605683970629
34003025,1,0,3.45,0.00204577009976492
34003025,1,0,3.5,0.00268548335982355
34003025,1,0,3.55,0.00368210254846024
34003025,1,0,3.6,0.00467872173709705
34003025,1,0,3.65,0.00631635558199495
34003025,1,0,3.7,0.00795398942689285
34003025,1,0,3.75,0.010523977243596
34003025,1,0,3.8,0.0130939650602993
34003025,1,0,3.85,0.016501516020303
34003025,1,0,3.9,0.0199090669803068
34003025,1,0,3.95,0.0248147919661693
34003025,1,0,4,0.029720516952048
34003025,1,0,4.05,0.150982082537393
34003025,1,0,4.1,0.49128095928403
34003025,1,0,4.15,0.728617389531038
34003025,1,0,4.2,0.855738378997819
34003025,1,0,4.25,0.921559517594868
34003025,1,0,4.3,0.955996772488753
34003025,1,0,4.35,0.974596025795005
34003025,1,0,4.4,0.984904815898151
34003025,1,0,4.45,0.990815181947713
34003025,1,0,4.5,0.994277950239582
34003025,1,0,4.55,0.996367815913035
34003025,1,0,4.6,0.997649922974493
34003025,1,0,4.65,0.998456756412862
34003025,1,0,4.7,0.99897068059996
34003025,1,0,4.75,0.999305249828965
34003025,1,0,4.8,0.999525032195168
34003025,1,0,4.85,0.999672173830431
34003025,1,0,4.9,0.999771330138258
34003025,1,0,4.95,0.99983941980553
34003025,1,0,5,0.999886257424721
34003025,1,0,5.05,0.999929916879668
34003025,1,0,5.1,0.999970680455074
34003025,1,0,5.15,1
34003025,1,0,5.2,1
34003025,1,0,5.25,1
34003025,1,0,5.3,1
34003025,1,0,5.35,1
34003025,1,0,5.4,1
34003025,1,0,5.45,1
34003025,1,0,5.5,1
34003025,1,0,5.55,1
34003025,1,0,5.6,1
34003025,1,0,5.65,1
34003025,1,0,5.7,1
34003025,1,0,5.75,1
34003025,1,0,5.8,1
34003025,1,0,5.85,1
34003025,1,0,5.9,1
34003025,1,0,5.95,1
34003025,1,0,6,1
34003024,1,1,0,0
34003024,1,1,0.05,0
34003024,1,1,0.1,0
34003024,1,1,0.15,0
34003024,1,1,0.2,0
34003024,1,1,0.25,0
34003024,1,1,0.3,0
34003024,1,1,0.35,0
34003024,1,1,0.4,0
34003024,1,1,0.45,0
34003024,1,1,0.5,0
34003024,1,1,0.55,0
34003024,1,1,0.6,0
34003024,1,1,0.65,0
34003024,1,1,0.7,0
34003024,1,1,0.75,0
34003024,1,1,0.8,0
34003024,1,1,0.85,0
34003024,1,1,0.9,0
34003024,1,1,0.95,0
34003024,1,1,1,0
34003024,1,1,1.05,0
34003024,1,1,1.1,0
34003024,1,1,1.15,0
34003024,1,1,1.2,0
34003024,1,1,1.25,0
34003024,1,1,1.3,0
34003024,1,1,1.35,0
34003024,1,1,1.4,0
34003024,1,1,1.45,0
34003024,1,1,1.5,0
34003024,1,1,1.55,0
34003024,1,1,1.6,0
34003024,1,1,1.65,0
34003024,1,1,1.7,0
34003024,1,1,1.75,0
34003024,1,1,1.8,0
34003024,1,1,1.85,0
34003024,1,1,1.9,0
34003024,1,1,1.95,0
34003024,1,1,2,0
34003024,1,1,2.05,1.0744727330092E-10
34003024,1,1,2.1,2.1489454660184E-10
34003024,1,1,2.15,7.90744913992114E-10
34003024,1,1,2.2,1.36659528138239E-09
34003024,1,1,2.25,4.44060488380416E-09
34003024,1,1,2.3,7.51461459724823E-09
34003024,1,1,2.35,2.21293037228065E-08
34003024,1,1,2.4,3.67439928483648E-08
34003024,1,1,2.45,9.79336788331509E-08
34003024,1,1,2.5,1.59123364817937E-07
34003024,1,1,2.55,3.88840530995971E-07
34003024,1,1,2.6,6.18557697174005E-07
34003024,1,1,2.65,1.39134389953721E-06
34003024,1,1,2.7,2.16413010190042E-06
34003024,1,1,2.75,4.51607547546917E-06
34003024,1,1,2.8,6.86802084903793E-06
34003024,1,1,2.85,1.33618721391837E-05
34003024,1,1,2.9,1.98557234293295E-05
34003024,1,1,2.95,3.62804783539117E-05
34003024,1,1,3,5.27052332786049E-05
34003024,1,1,3.05,9.49924230351229E-05
34003024,1,1,3.1,0.00013727961279153
34003024,1,1,3.15,0.00021609914479559
34003024,1,1,3.2,0.000294918676799649
34003024,1,1,3.25,0.000460790759084784
34003024,1,1,3.3,0.000626662841369807
34003024,1,1,3.35,0.000959203547727827
34003024,1,1,3.4,0.00129174425408585
34003024,1,1,3.45,0.0018585564115019
34003024,1,1,3.5,0.00242536856891795
34003024,1,1,3.55,0.00332651127482009
34003024,1,1,3.6,0.00422765398072222
34003024,1,1,3.65,0.00570647310709371
34003024,1,1,3.7,0.0071852922334652
34003024,1,1,3.75,0.00956918683659824
34003024,1,1,3.8,0.0119530814397313
34003024,1,1,3.85,0.0150836559317804
34003024,1,1,3.9,0.0182142304238296
34003024,1,1,3.95,0.0227419374877078
34003024,1,1,4,0.0272696445515859
34003024,1,1,4.05,0.0333564448266566
34003024,1,1,4.1,0.0394432451017274
34003024,1,1,4.15,0.0473097761284837
34003024,1,1,4.2,0.0551763071552401
34003024,1,1,4.25,0.0651044840155719
34003024,1,1,4.3,0.0750326608759035
34003024,1,1,4.35,0.0869826817099596
34003024,1,1,4.4,0.0989327025440153
34003024,1,1,4.45,0.113041009767814
34003024,1,1,4.5,0.127149316991627
34003024,1,1,4.55,0.245350178044564
34003024,1,1,4.6,0.553361553622773
34003024,1,1,4.65,0.764835310464224
34003024,1,1,4.7,0.876668678787695
34003024,1,1,4.75,0.933868067424207
34003024,1,1,4.8,0.963434097282181
34003024,1,1,4.85,0.979198508881203
34003024,1,1,4.9,0.987828300823889
34003024,1,1,4.95,0.992720243011536
34003024,1,1,5,0.995546136047087
34003024,1,1,5.05,0.997213292397813
34003024,1,1,5.1,0.998224218180633
34003024,1,1,5.15,0.998851077815407
34003024,1,1,5.2,0.999245706241525
34003024,1,1,5.25,0.99949878023803
34003024,1,1,5.3,0.999663038951147
34003024,1,1,5.35,0.999771202433618
34003024,1,1,5.4,0.999843206107533
34003024,1,1,5.45,0.999891642953282
34003024,1,1,5.5,0.999924579117365
34003024,1,1,5.55,0.999954112326212
34003024,1,1,5.6,0.999981065246873
34003024,1,1,5.65,1
34003024,1,1,5.7,1
34003024,1,1,5.75,1
34003024,1,1,5.8,1
34003024,1,1,5.85,1
34003024,1,1,5.9,1
34003024,1,1,5.95,1
34003024,1,1,6,1
34002011,1,0,0.5,0
34002011,1,0,0.55,0
34002011,1,0,0.6,0
34002011,1,0,0.65,0
34002011,1,0,0.7,0
34002011,1,0,0.75,0
34002011,1,0,0.8,0
34002011,1,0,0.85,0
34002011,1,0,0.9,0
34002011,1,0,0.95,0
34002011,1,0,1,0
34002011,1,0,1.05,0
34002011,1,0,1.1,0
34002011,1,0,1.15,0
34002011,1,0,1.2,0
34002011,1,0,1.25,0
34002011,1,0,1.3,0
34002011,1,0,1.35,0
34002011,1,0,1.4,0
34002011,1,0,1.45,0
34002011,1,0,1.5,0
34002011,1,0,1.55,0
34002011,1,0,1.6,0
34002011,1,0,1.65,0
34002011,1,0,1.7,0
34002011,1,0,1.75,0
34002011,1,0,1.8,0
34002011,1,0,1.85,0
34002011,1,0,1.9,0
34002011,1,0,1.95,0
34002011,1,0,2,0
34002011,1,0,2.05,0
34002011,1,0,2.1,0
34002011,1,0,2.15,0
34002011,1,0,2.2,0
34002011,1,0,2.25,0
34002011,1,0,2.3,0
34002011,1,0,2.35,0
34002011,1,0,2.4,0
34002011,1,0,2.45,0
34002011,1,0,2.5,0
34002011,1,0,2.55,0
34002011,1,0,2.6,0
34002011,1,0,2.65,0
34002011,1,0,2.7,0
34002011,1,0,2.75,0
34002011,1,0,2.8,0
34002011,1,0,2.85,0
34002011,1,0,2.9,0
34002011,1,0,2.95,0
34002011,1,0,3,0
34002011,1,0,3.05,0
34002011,1,0,3.1,0
34002011,1,0,3.15,0
34002011,1,0,3.2,0
34002011,1,0,3.25,0
34002011,1,0,3.3,0
34002011,1,0,3.35,0
34002011,1,0,3.4,0
34002011,1,0,3.45,0
34002011,1,0,3.5,0
34002011,1,0,3.55,0
34002011,1,0,3.6,0
34002011,1,0,3.65,0
34002011,1,0,3.7,0
34002011,1,0,3.75,0
34002011,1,0,3.8,0
34002011,1,0,3.85,0
34002011,1,0,3.9,0
34002011,1,0,3.95,0
34002011,1,0,4,0
34002011,1,0,4.05,0
34002011,1,0,4.1,0
34002011,1,0,4.15,0
34002011,1,0,4.2,0
34002011,1,0,4.25,0
34002011,1,0,4.3,0
34002011,1,0,4.35,0
34002011,1,0,4.4,0
34002011,1,0,4.45,0
34002011,1,0,4.5,2.54241072639161E-14
34002011,1,0,4.55,0.119031501747094
34002011,1,0,4.6,0.468526112223136
34002011,1,0,4.65,0.713959864440624
34002011,1,0,4.7,0.846583856121138
34002011,1,0,4.75,0.915634279859484
34002011,1,0,4.8,0.952129072234202
34002011,1,0,4.85,0.971977248049448
34002011,1,0,4.9,0.983112941314579
34002011,1,0,4.95,0.989551022653302
34002011,1,0,5,0.993378340093296
34002011,1,0,5.05,0.995712275987015
34002011,1,0,5.1,0.997168866589465
34002011,1,0,5.15,0.998097244674207
34002011,1,0,5.2,0.998700405368546
34002011,1,0,5.25,0.99909918910494
34002011,1,0,5.3,0.999367104822945
34002011,1,0,5.35,0.999549767554307
34002011,1,0,5.4,0.999676006169546
34002011,1,0,5.45,0.999764350909877
34002011,1,0,5.5,0.999826899801018