"section_id","failuremechanismid","measureid","hydraulicload","failure_probability"
34002031,3,0,"0","0"
34002031,3,0,"0.1","0"
34002031,3,0,"0.2","0"
34002031,3,0,"0.3","0"
34002031,3,0,"0.4","0"
34002031,3,0,"0.5","0"
34002031,3,0,"0.6","0"
34002031,3,0,"0.7","0"
34002031,3,0,"0.8","0"
34002031,3,0,"0.9","0"
34002031,3,0,"1","0"
34002031,3,0,"1.1","0"
34002031,3,0,"1.2","0"
34002031,3,0,"1.3","0"
34002031,3,0,"1.4","0"
34002031,3,0,"1.5","0"
34002031,3,0,"1.6","0"
34002031,3,0,"1.7","0"
34002031,3,0,"1.8","3.71625823257291e-10"
34002031,3,0,"1.9","1.37966563897638e-09"
34002031,3,0,"2","4.77879680353459e-09"
34002031,3,0,"2.1","1.54688526208236e-08"
34002031,3,0,"2.2","4.68952929717093e-08"
34002031,3,0,"2.3","1.32793013350753e-07"
34002031,3,0,"2.4","3.55827192813288e-07"
34002031,3,0,"2.5","9.03403748760361e-07"
34002031,3,0,"2.6","2.1580576544256e-06"
34002031,3,0,"2.7","4.91383840607862e-06"
34002031,3,0,"2.8","1.09082560665343e-05"
34002031,3,0,"2.9","2.28088542057322e-05"
34002031,3,0,"3","4.36861843636604e-05"
34002031,3,0,"3.1","8.3007493387196e-05"
34002031,3,0,"3.2","0.0001516790551371"
34002031,3,0,"3.3","0.000267208750281195"
34002031,3,0,"3.4","0.000455186420471884"
34002031,3,0,"3.5","0.000750771137641249"
34002031,3,0,"3.6","0.00120104130596118"
34002031,3,0,"3.7","0.00186708893373678"
34002031,3,0,"3.8","0.00283209611292458"
34002031,3,0,"3.9","0.00419446076385883"
34002031,3,0,"4","0.00603434930694411"
34002031,3,0,"4.1","0.00848370883604961"
34002031,3,0,"4.2","0.0118010793175203"
34002031,3,0,"4.3","0.0162079520473082"
34002031,3,0,"4.4","0.0214241238426546"
34002031,3,0,"4.5","0.0278548303256223"
34002031,3,0,"4.6","0.0356524413644693"
34002031,3,0,"4.7","0.0449594961252309"
34002031,3,0,"4.8","0.0559027391339293"
34002031,3,0,"4.9","0.068587500925817"
34002031,3,0,"5","0.0830927546343569"
34002031,3,0,"5.1","0.099467130948148"
34002031,3,0,"5.2","0.117726104338346"
34002031,3,0,"5.3","0.137850481533987"
34002031,3,0,"5.4","0.159786236661772"
34002031,3,0,"5.5","0.183445654476844"
34002031,3,0,"5.6","0.208709669760745"
34002031,3,0,"5.7","0.235431232343983"
34002031,3,0,"5.8","0.263439485556468"
34002031,3,0,"5.9","0.292544522707128"
34002031,3,0,"6","0.323101991794947"
34002031,4,0,"1","0"
34002031,4,0,"1.1","0"
34002031,4,0,"1.2","8.8074739494821e-10"
34002031,4,0,"1.3","8.32653634115162e-09"
34002031,4,0,"1.4","6.86592388065504e-08"
34002031,4,0,"1.5","4.94034191368863e-07"
34002031,4,0,"1.6","3.1036868125462e-06"
34002031,4,0,"1.7","1.70352295145629e-05"
34002031,4,0,"1.8","8.17546935601573e-05"
34002031,4,0,"1.9","0.000343393754036236"
34002031,4,0,"2","0.0012638734276723"
34002031,4,0,"2.1","0.00408213229419793"
34002031,4,0,"2.2","0.0115916622460594"
34002031,4,0,"2.3","0.0290064786396549"
34002031,4,0,"2.4","0.0641550172187297"
34002031,4,0,"2.5","0.12589757602988"
34002031,4,0,"2.6","0.127643773318279"
34002031,4,0,"2.7","0.129406736870273"
34002031,4,0,"2.8","0.13118650208466"
34002031,4,0,"2.9","0.132983102315348"
34002031,4,0,"3","0.134796568844851"
34002031,4,0,"3.1","0.14203975581034"
34002031,4,0,"3.2","0.149541934785157"
34002031,4,0,"3.3","0.157304011955302"
34002031,4,0,"3.4","0.165326356352418"
34002031,4,0,"3.5","0.173608780338625"
34002031,4,0,"3.6","0.177613025741334"
34002031,4,0,"3.7","0.181675062904394"
34002031,4,0,"3.8","0.185794736063877"
34002031,4,0,"3.9","0.18997185935907"
34002031,4,0,"4","0.194206216543996"
34002031,4,0,"4.1","0.198497560724324"
34002031,4,0,"4.2","0.202845614120315"
34002031,4,0,"4.3","0.207250067856445"
34002031,4,0,"4.4","0.211710581778343"
34002031,4,0,"4.5","0.216226784297576"
34002031,4,0,"4.6","0.220798272264875"
34002031,4,0,"4.7","0.225424610872278"
34002031,4,0,"4.8","0.230105333584683"
34002031,4,0,"4.9","0.234839942101244"
34002031,4,0,"5","0.239627906347019"
34002031,4,0,"5.1","0.244468664495217"
34002031,4,0,"5.2","0.249361623020381"
34002031,4,0,"5.3","0.25430615678278"
34002031,4,0,"5.4","0.25930160914425"
34002031,4,0,"5.5","0.264347292115677"
34002031,4,0,"5.6","0.269442486536278"
34002031,4,0,"5.7","0.27458644228478"
34002031,4,0,"5.8","0.279778378522577"
34002031,4,0,"5.9","0.285017483968848"
34002031,4,0,"6","0.290302917207646"
717,5,0,"16.6","1e-10"
717,7,0,"16.6","1e-10"
717,6,0,"16.6","1e-10"
717,6,0,"16.65","1e-10"
717,5,0,"16.65","1e-10"
717,7,0,"16.65","1.00000000000001e-10"
717,6,0,"16.7","1e-10"
717,5,0,"16.7","1e-10"
717,7,0,"16.7","1e-10"
717,6,0,"16.75","1e-10"
717,5,0,"16.75","1e-10"
717,7,0,"16.75","1e-10"
717,6,0,"16.8","9.99999999999992e-11"
717,7,0,"16.8","1e-10"
717,5,0,"16.8","1e-10"
717,6,0,"16.85","9.99999999999992e-11"
717,5,0,"16.85","1e-10"
717,7,0,"16.85","1.00000000000001e-10"
717,7,0,"16.9","9.99999999999992e-11"
717,6,0,"16.9","9.99999999999992e-11"
717,5,0,"16.9","1e-10"
717,6,0,"16.95","9.99999999999992e-11"
717,5,0,"16.95","1e-10"
717,7,0,"16.95","1e-10"
717,6,0,"17","9.99999999999992e-11"
717,7,0,"17","1e-10"
717,5,0,"17","1e-10"
717,6,0,"17.05","9.99999999999992e-11"
717,7,0,"17.05","1e-10"
717,5,0,"17.05","1e-10"
717,7,0,"17.1","1e-10"
717,5,0,"17.1","1e-10"
717,6,0,"17.1","1.00000000000001e-10"
717,5,0,"17.15","1e-10"
717,7,0,"17.15","1e-10"
717,6,0,"17.15","1.00000000000001e-10"
717,7,0,"17.2","1e-10"
717,5,0,"17.2","1e-10"
717,6,0,"17.2","1.00000000000001e-10"
717,7,0,"17.25","1e-10"
717,5,0,"17.25","1e-10"
717,6,0,"17.25","1.00000000000001e-10"
717,5,0,"17.3","1e-10"
717,7,0,"17.3","1e-10"
717,6,0,"17.3","1.00000000000001e-10"
717,6,0,"17.35","1e-10"
717,7,0,"17.35","1e-10"
717,5,0,"17.35","1e-10"
717,6,0,"17.4","1e-10"
717,5,0,"17.4","1e-10"
717,7,0,"17.4","1e-10"
717,6,0,"17.45","1e-10"
717,5,0,"17.45","1e-10"
717,7,0,"17.45","1e-10"
717,5,0,"17.5","1e-10"
717,7,0,"17.5","1e-10"
717,6,0,"17.5","1e-10"
717,5,0,"17.55","1e-10"
717,7,0,"17.55","1e-10"
717,6,0,"17.55","1e-10"
717,7,0,"17.6","1e-10"
717,5,0,"17.6","1e-10"
717,6,0,"17.6","1e-10"
717,6,0,"17.65","1e-10"
717,5,0,"17.65","1e-10"
717,7,0,"17.65","1e-10"
717,6,0,"17.7","1e-10"
717,5,0,"17.7","1e-10"
717,7,0,"17.7","1e-10"
717,5,0,"17.75","1e-10"
717,6,0,"17.75","1e-10"
717,7,0,"17.75","1e-10"
717,5,0,"17.8","1e-10"
717,7,0,"17.8","1e-10"
717,6,0,"17.8","1e-10"
717,6,0,"17.85","1e-10"
717,7,0,"17.85","1e-10"
717,5,0,"17.85","1e-10"
717,7,0,"17.9","1e-10"
717,5,0,"17.9","1e-10"
717,6,0,"17.9","1e-10"
717,5,0,"17.95","1e-10"
717,7,0,"17.95","1e-10"
717,6,0,"17.95","1e-10"
717,6,0,"18","1e-10"
717,7,0,"18","1e-10"
717,5,0,"18","1e-10"
717,5,0,"18.05","1e-10"
717,6,0,"18.05","1e-10"
717,7,0,"18.05","1e-10"
717,7,0,"18.1","1e-10"
717,5,0,"18.1","1e-10"
717,6,0,"18.1","1e-10"
717,6,0,"18.15","1e-10"
717,7,0,"18.15","1e-10"
717,5,0,"18.15","1e-10"
717,7,0,"18.2","1e-10"
717,6,0,"18.2","1e-10"
717,5,0,"18.2","1e-10"
717,6,0,"18.25","1e-10"
717,5,0,"18.25","1e-10"
717,7,0,"18.25","1e-10"
717,7,0,"18.3","1e-10"
717,6,0,"18.3","1e-10"
717,5,0,"18.3","1e-10"
717,5,0,"18.35","1e-10"
717,7,0,"18.35","1e-10"
717,6,0,"18.35","1e-10"
717,5,0,"18.4","1e-10"
717,6,0,"18.4","1e-10"
717,7,0,"18.4","1e-10"
717,6,0,"18.45","1e-10"
717,7,0,"18.45","1e-10"
717,5,0,"18.45","1e-10"
717,7,0,"18.5","1e-10"
717,5,0,"18.5","1e-10"
717,6,0,"18.5","1e-10"
717,6,0,"18.55","1e-10"
717,7,0,"18.55","1e-10"
717,5,0,"18.55","1e-10"
717,6,0,"18.6","1e-10"
717,5,0,"18.6","1e-10"
717,7,0,"18.6","1e-10"
717,6,0,"18.65","1e-10"
717,5,0,"18.65","1e-10"
717,7,0,"18.65","1e-10"
717,6,0,"18.7","1e-10"
717,5,0,"18.7","1e-10"
717,7,0,"18.7","1e-10"
717,6,0,"18.75","1e-10"
717,7,0,"18.75","1e-10"
717,5,0,"18.75","1e-10"
717,5,0,"18.8","1e-10"
717,6,0,"18.8","1e-10"
717,7,0,"18.8","1e-10"
717,6,0,"18.85","1e-10"
717,5,0,"18.85","1e-10"
717,7,0,"18.85","1e-10"
717,7,0,"18.9","1e-10"
717,6,0,"18.9","1e-10"
717,5,0,"18.9","1e-10"
717,6,0,"18.95","1e-10"
717,7,0,"18.95","1e-10"
717,5,0,"18.95","1e-10"
717,6,0,"19","1e-10"
717,7,0,"19","1e-10"
717,5,0,"19","1e-10"
717,5,0,"19.05","1e-10"
717,6,0,"19.05","1e-10"
717,7,0,"19.05","1e-10"
717,7,0,"19.1","1e-10"
717,6,0,"19.1","1e-10"
717,5,0,"19.1","1e-10"
717,5,0,"19.15","1e-10"
717,6,0,"19.15","1e-10"
717,7,0,"19.15","1e-10"
717,6,0,"19.2","1e-10"
717,5,0,"19.2","1e-10"
717,7,0,"19.2","1e-10"
717,5,0,"19.25","1e-10"
717,6,0,"19.25","1e-10"
717,7,0,"19.25","1e-10"
717,5,0,"19.3","1e-10"
717,6,0,"19.3","1e-10"
717,7,0,"19.3","1e-10"
717,5,0,"19.35","1e-10"
717,6,0,"19.35","1e-10"
717,7,0,"19.35","1e-10"
717,6,0,"19.4","1e-10"
717,7,0,"19.4","1e-10"
717,5,0,"19.4","1e-10"
717,7,0,"19.45","1e-10"
717,6,0,"19.45","1e-10"
717,5,0,"19.45","1e-10"
717,5,0,"19.5","1e-10"
717,6,0,"19.5","1e-10"
717,7,0,"19.5","1e-10"
717,5,0,"19.55","1e-10"
717,6,0,"19.55","1e-10"
717,7,0,"19.55","1e-10"
717,6,0,"19.6","1e-10"
717,7,0,"19.6","1e-10"
717,5,0,"19.6","1e-10"
717,7,0,"19.65","1e-10"
717,5,0,"19.65","1e-10"
717,6,0,"19.65","1e-10"
717,7,0,"19.7","1e-10"
717,6,0,"19.7","1e-10"
717,5,0,"19.7","1e-10"
717,6,0,"19.75","1e-10"
717,7,0,"19.75","1e-10"
717,5,0,"19.75","1e-10"
717,6,0,"19.8","1e-10"
717,7,0,"19.8","1e-10"
717,5,0,"19.8","1e-10"
717,7,0,"19.85","1e-10"
717,6,0,"19.85","1e-10"
717,5,0,"19.85","1e-10"
717,6,0,"19.9","1e-10"
717,5,0,"19.9","1e-10"
717,7,0,"19.9","1e-10"
717,6,0,"19.9500000000001","1e-10"
717,7,0,"19.9500000000001","1e-10"
717,5,0,"19.9500000000001","1e-10"
717,5,0,"20","1e-10"
717,7,0,"20","1e-10"
717,6,0,"20","1e-10"
717,6,0,"20.0500000000001","1e-10"
717,7,0,"20.0500000000001","1e-10"
717,5,0,"20.0500000000001","1e-10"
717,6,0,"20.1000000000001","1e-10"
717,7,0,"20.1000000000001","1e-10"
717,5,0,"20.1000000000001","1e-10"
717,5,0,"20.15","1e-10"
717,6,0,"20.15","1e-10"
717,7,0,"20.15","1e-10"
717,6,0,"20.2000000000001","1e-10"
717,7,0,"20.2000000000001","1e-10"
717,5,0,"20.2000000000001","1e-10"
717,7,0,"20.2500000000001","1e-10"
717,6,0,"20.2500000000001","1e-10"
717,5,0,"20.2500000000001","1e-10"
717,6,0,"20.3000000000001","1e-10"
717,7,0,"20.3000000000001","1e-10"
717,5,0,"20.3000000000001","1e-10"
717,5,0,"20.3500000000001","1e-10"
717,6,0,"20.3500000000001","1e-10"
717,7,0,"20.3500000000001","1e-10"
717,7,0,"20.4000000000001","1e-10"
717,5,0,"20.4000000000001","1e-10"
717,6,0,"20.4000000000001","1e-10"
717,5,0,"20.4500000000001","1e-10"
717,7,0,"20.4500000000001","1e-10"
717,6,0,"20.4500000000001","1e-10"
717,7,0,"20.5000000000001","1e-10"
717,6,0,"20.5000000000001","1e-10"
717,5,0,"20.5000000000001","1e-10"
717,6,0,"20.5500000000001","1e-10"
717,5,0,"20.5500000000001","1e-10"
717,7,0,"20.5500000000001","1e-10"
717,5,0,"20.6000000000001","1e-10"
717,6,0,"20.6000000000001","1e-10"
717,7,0,"20.6000000000001","1e-10"
717,7,0,"20.6500000000001","1e-10"
717,5,0,"20.6500000000001","1e-10"
717,6,0,"20.6500000000001","1e-10"
717,6,0,"20.7000000000001","1e-10"
717,5,0,"20.7000000000001","1e-10"
717,7,0,"20.7000000000001","1e-10"
717,5,0,"20.7500000000001","1e-10"
717,7,0,"20.7500000000001","1e-10"
717,6,0,"20.7500000000001","1e-10"
717,7,0,"20.8000000000001","1e-10"
717,6,0,"20.8000000000001","1e-10"
717,5,0,"20.8000000000001","1e-10"
717,7,0,"20.8500000000001","1e-10"
717,5,0,"20.8500000000001","1e-10"
717,6,0,"20.8500000000001","1e-10"
717,5,0,"20.9000000000001","1e-10"
717,7,0,"20.9000000000001","1e-10"
717,6,0,"20.9000000000001","1e-10"
717,7,0,"20.9500000000001","1e-10"
717,6,0,"20.9500000000001","1e-10"
717,5,0,"20.9500000000001","1e-10"
717,5,0,"21.0000000000001","1e-10"
717,6,0,"21.0000000000001","1e-10"
717,7,0,"21.0000000000001","1e-10"
717,7,0,"21.0500000000001","1e-10"
717,6,0,"21.0500000000001","1e-10"
717,5,0,"21.0500000000001","1e-10"
717,6,0,"21.1000000000001","1e-10"
717,7,0,"21.1000000000001","1e-10"
717,5,0,"21.1000000000001","1e-10"
717,7,0,"21.1500000000001","1e-10"
717,6,0,"21.1500000000001","1e-10"
717,5,0,"21.1500000000001","1e-10"
717,7,0,"21.2000000000001","1e-10"
717,6,0,"21.2000000000001","1e-10"
717,5,0,"21.2000000000001","1e-10"
717,6,0,"21.2500000000001","1e-10"
717,5,0,"21.2500000000001","1e-10"
717,7,0,"21.2500000000001","1e-10"
717,7,0,"21.3000000000001","1e-10"
717,5,0,"21.3000000000001","1e-10"
717,6,0,"21.3000000000001","1e-10"
717,5,0,"21.3500000000001","1e-10"
717,7,0,"21.3500000000001","1e-10"
717,6,0,"21.3500000000001","1e-10"
717,7,0,"21.4000000000001","1e-10"
717,5,0,"21.4000000000001","1e-10"
717,6,0,"21.4000000000001","1e-10"
717,7,0,"21.4500000000001","1e-10"
717,5,0,"21.4500000000001","1e-10"
717,6,0,"21.4500000000001","1e-10"
717,5,0,"21.5000000000001","1e-10"
717,7,0,"21.5000000000001","1e-10"
717,6,0,"21.5000000000001","1e-10"
717,5,0,"21.5500000000001","1e-10"
717,7,0,"21.5500000000001","1e-10"
717,6,0,"21.5500000000001","1e-10"
717,6,0,"21.6000000000001","1e-10"
717,7,0,"21.6000000000001","1e-10"
717,5,0,"21.6000000000001","1.00000000002871e-10"
717,6,0,"21.6500000000001","1e-10"
717,7,0,"21.6500000000001","1e-10"
717,5,0,"21.6500000000001","0.000560035581915095"
717,7,0,"21.7000000000001","1e-10"
717,6,0,"21.7000000000001","1e-10"
717,5,0,"21.7000000000001","0.438159336805026"
717,7,0,"21.7500000000001","1e-10"
717,6,0,"21.7500000000001","1e-10"
717,5,0,"21.7500000000001","0.795566371605067"
717,6,0,"21.8000000000001","1e-10"
717,7,0,"21.8000000000001","1e-10"
717,5,0,"21.8000000000001","0.964651195723616"
717,6,0,"21.8500000000001","1e-10"
717,7,0,"21.8500000000001","1e-10"
717,5,0,"21.8500000000001","0.99735832280278"
717,6,0,"21.9000000000001","1e-10"
717,7,0,"21.9000000000001","1e-10"
717,5,0,"21.9000000000001","0.999918717290308"
717,6,0,"21.9500000000001","1e-10"
717,7,0,"21.9500000000001","1e-10"
717,5,0,"21.9500000000001","0.999998989227114"
717,7,0,"22.0000000000001","1e-10"
717,6,0,"22.0000000000001","1e-10"
717,5,0,"22.0000000000001","0.999999995021859"
717,7,0,"22.0500000000001","1e-10"
717,6,0,"22.0500000000001","1e-10"
717,5,0,"22.0500000000001","0.999999999259439"
717,7,0,"22.1000000000001","1e-10"
717,6,0,"22.1000000000001","1e-10"
717,5,0,"22.1000000000001","0.9999999999"
717,6,0,"22.1500000000001","1e-10"
717,7,0,"22.1500000000001","1e-10"
717,5,0,"22.1500000000001","0.9999999999"
717,7,0,"22.2000000000001","1e-10"
717,6,0,"22.2000000000001","1e-10"
717,5,0,"22.2000000000001","0.9999999999"
717,7,0,"22.2500000000001","1e-10"
717,6,0,"22.2500000000001","1e-10"
717,5,0,"22.2500000000001","0.9999999999"
717,6,0,"22.3000000000001","1e-10"
717,7,0,"22.3000000000001","1e-10"
717,5,0,"22.3000000000001","0.9999999999"
717,7,0,"22.3500000000001","1e-10"
717,6,0,"22.3500000000001","1e-10"
717,5,0,"22.3500000000001","0.9999999999"
717,6,0,"22.4000000000001","1e-10"
717,7,0,"22.4000000000001","1e-10"
717,5,0,"22.4000000000001","0.9999999999"
717,7,0,"22.4500000000001","1e-10"
717,6,0,"22.4500000000001","1e-10"
717,5,0,"22.4500000000001","0.9999999999"
717,6,0,"22.5000000000001","1e-10"
717,7,0,"22.5000000000001","1e-10"
717,5,0,"22.5000000000001","0.9999999999"
717,6,0,"22.5500000000001","1e-10"
717,7,0,"22.5500000000001","1e-10"
717,5,0,"22.5500000000001","0.9999999999"
717,7,0,"22.6000000000001","1e-10"
717,6,0,"22.6000000000001","1e-10"
717,5,0,"22.6000000000001","0.9999999999"
717,7,0,"22.6500000000001","1e-10"
717,6,0,"22.6500000000001","1e-10"
717,5,0,"22.6500000000001","0.9999999999"
717,6,0,"22.7000000000001","1e-10"
717,7,0,"22.7000000000001","1e-10"
717,5,0,"22.7000000000001","0.9999999999"
717,7,0,"22.7500000000001","1e-10"
717,6,0,"22.7500000000001","1e-10"
717,5,0,"22.7500000000001","0.9999999999"
717,7,0,"22.8000000000001","1e-10"
717,6,0,"22.8000000000001","1e-10"
717,5,0,"22.8000000000001","0.9999999999"
717,6,0,"22.8500000000001","1e-10"
717,7,0,"22.8500000000001","1e-10"
717,5,0,"22.8500000000001","0.9999999999"
717,7,0,"22.9000000000001","1e-10"
717,6,0,"22.9000000000001","1e-10"
717,5,0,"22.9000000000001","0.9999999999"
717,7,0,"22.9500000000001","1e-10"
717,6,0,"22.9500000000001","1e-10"
717,5,0,"22.9500000000001","0.9999999999"
717,6,0,"23.0000000000001","1e-10"
717,7,0,"23.0000000000001","1e-10"
717,5,0,"23.0000000000001","0.9999999999"
717,6,0,"23.0500000000001","1e-10"
717,7,0,"23.0500000000001","1e-10"
717,2,1,"21.650000000000027","7.2348184007206e-18"
717,2,1,"21.700000000000028","8.82252740058882e-16"
717,2,1,"21.75000000000003","7.275704980387459e-14"
717,2,1,"21.80000000000003","4.100762051019259e-12"
717,2,1,"21.85000000000003","1.6036178956418905e-10"
717,2,1,"21.90000000000003","4.4610044409456e-09"
717,2,1,"21.95000000000003","9.188573052632927e-08"
717,2,1,"22.000000000000032","1.4700613990550827e-06"
717,2,1,"22.050000000000033","1.891218319443532e-05"
717,2,1,"22.100000000000033","0.00019895499197550382"
717,2,1,"22.150000000000034","0.001706262882790559"
717,2,1,"22.200000000000035","0.012034111719913629"
717,2,1,"22.250000000000036","0.06521775835144904"
717,2,1,"22.300000000000036","0.23610992018222515"
717,2,1,"22.350000000000037","0.36435284187985095"
717,2,1,"22.400000000000038","0.5445173892457238"
717,2,1,"22.45000000000004","0.6941133214460805"
717,2,1,"22.50000000000004","0.7991002198229569"
717,2,1,"22.55000000000004","0.868294913519069"
717,2,1,"22.60000000000004","0.9130092648975099"
717,2,1,"22.65000000000004","0.9418768980812904"
717,2,1,"22.700000000000042","0.9606542500832951"
717,2,1,"22.750000000000043","0.9730064623168627"
717,2,1,"22.800000000000043","0.9812363091379245"
27,2,0,"14.650000000000002","0"
27,2,0,"14.750000000000002","0"
27,2,0,"14.850000000000001","0"
27,2,0,"14.950000000000001","0"
27,2,0,"15.05","0"
27,2,0,"15.15","0"
27,2,0,"15.25","0"
27,2,0,"15.35","0"
27,2,0,"15.45","0"
27,2,0,"15.549999999999999","0"
27,2,0,"15.649999999999999","0"
27,2,0,"15.749999999999998","0"
27,2,0,"15.849999999999998","0"
27,2,0,"15.949999999999998","0"
27,2,0,"16.049999999999997","0"
27,2,0,"16.15","0"
27,2,0,"16.249999999999996","0"
27,2,0,"16.349999999999994","3.3044298735462027e-289"
27,2,0,"16.449999999999996","6.107758585152583e-264"
27,2,0,"16.549999999999997","6.288406442847048e-240"
27,2,0,"16.650000000000002","3.7294900300478296e-217"
27,2,0,"16.700000000000003","3.145520312642317e-206"
27,2,0,"16.750000000000004","1.3150161151097349e-195"
27,2,0,"16.800000000000004","2.7350046681470243e-185"
27,2,0,"16.850000000000005","2.8400180641454627e-175"
27,2,0,"16.900000000000006","1.4774894212735336e-165"
27,2,0,"16.950000000000006","3.863941307930162e-156"
27,2,0,"17.000000000000007","5.096385930333044e-147"
27,2,0,"17.050000000000008","3.4009826831294086e-138"
27,2,0,"17.10000000000001","1.1518744355921505e-129"
27,2,0,"17.15000000000001","1.985994491601635e-121"
27,2,0,"17.20000000000001","1.7482505632237516e-113"
27,2,0,"17.25000000000001","7.880092096193353e-106"
27,2,0,"17.30000000000001","1.823814012809778e-98"
27,2,0,"17.350000000000012","2.2003704015643137e-91"
27,2,0,"17.400000000000013","1.3730595374986247e-84"
27,2,0,"17.450000000000014","4.424472247969764e-78"
27,2,0,"17.500000000000014","7.382470611687452e-72"
27,2,0,"17.550000000000015","6.395576831617109e-66"
27,2,0,"17.600000000000016","2.884348048982999e-60"
27,2,0,"17.650000000000016","6.789587312729431e-55"
27,2,0,"17.700000000000017","8.363610348271549e-50"
27,2,0,"17.750000000000018","5.405291942092179e-45"
27,2,0,"17.80000000000002","1.8375464195201387e-40"
27,2,0,"17.85000000000002","3.2943984689468034e-36"
27,2,0,"17.90000000000002","3.1230330504780084e-32"
27,2,0,"17.95000000000002","1.5697660425070617e-28"
27,2,0,"18.00000000000002","4.196547253729573e-25"
27,2,0,"18.050000000000022","5.991203481495449e-22"
27,2,0,"18.100000000000023","4.595484866886327e-19"
27,2,0,"18.150000000000023","1.9210014338194425e-16"
27,2,0,"18.200000000000024","4.492234213985139e-14"
27,2,0,"18.250000000000025","6.142840038772325e-12"
27,2,0,"18.300000000000026","5.208011099663447e-10"
27,2,0,"18.350000000000026","2.8951540966272934e-08"
27,2,0,"18.400000000000027","1.0936908019855948e-06"
27,2,0,"18.450000000000028","2.8283225874178783e-05"
27,2,0,"18.50000000000003","0.00048643804297850347"
27,2,0,"18.55000000000003","0.005313246369613457"
27,2,0,"18.60000000000003","0.039567519934575204"
27,2,0,"18.65000000000003","0.14323601111613848"
27,2,0,"18.70000000000003","0.2688156587153167"
27,2,0,"18.750000000000032","0.4371666648558445"
27,2,0,"18.800000000000033","0.5926115400210621"
27,2,0,"18.850000000000033","0.7138767779563773"
27,2,0,"18.900000000000034","0.8013686811250607"
27,2,0,"18.950000000000035","0.8623032027785587"
27,2,0,"19.000000000000036","0.9041529691209723"
27,2,0,"19.050000000000036","0.9328135191663487"
27,2,0,"19.100000000000037","0.9525023498523644"
27,2,0,"19.150000000000038","0.9661132523065945"
27,2,0,"19.20000000000004","0.9755976978357657"
27,2,0,"19.25000000000004","0.9822649116878011"
27,2,0,"19.30000000000004","0.9869944033776996"
27,2,0,"19.35000000000004","0.9903799125612539"
27,2,0,"19.40000000000004","0.9928250311114873"
27,2,0,"19.450000000000042","0.9946062882130906"
27,2,0,"19.500000000000043","0.9959147637132163"
27,2,0,"19.550000000000043","0.996883638723866"
27,2,0,"19.600000000000044","0.9976065430450091"
34002031,2,0,"0.2999999999999998","0"
34002031,2,0,"0.3999999999999998","0"
34002031,2,0,"0.4999999999999998","0"
34002031,2,0,"0.5999999999999998","0"
34002031,2,0,"0.6999999999999997","0"
34002031,2,0,"0.7999999999999997","0"
34002031,2,0,"0.8999999999999997","0"
34002031,2,0,"0.9999999999999997","0"
34002031,2,0,"1.0999999999999996","0"
34002031,2,0,"1.1999999999999997","0"
34002031,2,0,"1.2999999999999996","0"
34002031,2,0,"1.3999999999999995","0"
34002031,2,0,"1.4999999999999996","0"
34002031,2,0,"1.5999999999999996","0"
34002031,2,0,"1.6999999999999995","0"
34002031,2,0,"1.7999999999999994","0"
34002031,2,0,"1.8999999999999995","0"
34002031,2,0,"1.9999999999999996","0"
34002031,2,0,"2.0999999999999996","0"
34002031,2,0,"2.1999999999999993","0"
34002031,2,0,"2.3","0"
34002031,2,0,"2.3499999999999996","0"
34002031,2,0,"2.3999999999999995","0"
34002031,2,0,"2.4499999999999993","0"
34002031,2,0,"2.499999999999999","0"
34002031,2,0,"2.549999999999999","0"
34002031,2,0,"2.5999999999999988","0"
717,6,2,"19.7","1e-10"
717,7,2,"18.45","1e-10"
717,5,2,"20.5","1e-10"
717,6,2,"20.5500000000001","1e-10"
717,7,2,"18.65","1e-10"
717,7,2,"18.85","1e-10"
717,6,2,"20.7500000000001","1e-10"
717,7,2,"20.9000000000001","1e-10"
717,5,2,"21.2000000000001","1e-10"
717,5,2,"22.0500000000001","1e-10"
717,5,2,"17.4","1e-10"
717,6,2,"18.05","1e-10"
717,5,2,"19.5","1e-10"
717,6,2,"17.5","9.99999999999992e-11"
717,5,2,"22.3500000000001","0.99735832280278"
717,5,2,"17.8","1e-10"
717,5,2,"20.25","1e-10"
717,7,2,"22.3000000000001","1e-10"
717,5,2,"20.7000000000001","1e-10"
717,5,2,"21.3500000000001","1e-10"
717,7,2,"21.1500000000001","1e-10"
717,5,2,"22.7000000000001","0.9999999999"
717,6,2,"20.4","1e-10"
717,6,2,"21.9500000000001","1e-10"
717,6,2,"18.4","1e-10"
717,5,2,"21.0500000000001","1e-10"
717,7,2,"22.9000000000001","1e-10"
717,5,2,"20.15","1e-10"
717,6,2,"21.8500000000001","1e-10"
717,7,2,"17.55","1e-10"
717,7,2,"17.2","1e-10"
717,7,2,"18.35","1e-10"
717,6,2,"20.2","1e-10"
717,5,2,"19.65","1e-10"
717,6,2,"19.3","1e-10"
717,5,2,"21.5500000000001","1e-10"
717,6,2,"18.25","1e-10"
717,6,2,"19.25","1e-10"
717,7,2,"22.3500000000001","1e-10"
717,7,2,"20.05","1e-10"
717,6,2,"21.4000000000001","1e-10"
717,7,2,"21.6000000000001","1e-10"
717,7,2,"19.4","1e-10"
717,7,2,"23.2500000000001","1e-10"
717,6,2,"17.85","1e-10"
717,7,2,"19.15","1e-10"
717,7,2,"18","1e-10"
717,7,2,"21.7500000000001","1e-10"
717,5,2,"22.5500000000001","0.999999999259439"
717,5,2,"23.1500000000001","0.9999999999"
717,7,2,"18.1","1e-10"
717,6,2,"18.5","1e-10"
717,5,2,"18.8","1e-10"
717,6,2,"21.9000000000001","1e-10"
717,5,2,"22.7500000000001","0.9999999999"
717,7,2,"21.5500000000001","1e-10"
717,7,2,"19.65","1e-10"
717,5,2,"22.4500000000001","0.999998989227114"
717,6,2,"20.35","1e-10"
717,5,2,"22.2500000000001","0.795566371605067"
717,5,2,"17.2","1e-10"
717,5,2,"18.35","1e-10"
717,7,2,"22.5500000000001","1e-10"
717,7,2,"23.0500000000001","1e-10"
717,7,2,"23.4000000000001","1e-10"
717,5,2,"17.55","1e-10"
717,7,2,"20.15","1e-10"
717,7,2,"22.6000000000001","1e-10"
717,6,2,"22.2500000000001","1e-10"
717,6,2,"22.7000000000001","1e-10"
717,7,2,"18.8","1e-10"
717,5,2,"18.1","1e-10"
717,6,2,"18.2","1e-10"
717,5,2,"19.15","1e-10"
717,5,2,"18","1e-10"
717,5,2,"21.7500000000001","1e-10"
717,5,2,"19.4","1e-10"
717,5,2,"20.05","1e-10"
717,5,2,"21.6000000000001","1e-10"
717,7,2,"22.1500000000001","1e-10"
717,7,2,"23.5000000000001","1e-10"
717,5,2,"18.45","1e-10"
717,7,2,"20.5","1e-10"
717,5,2,"18.75","1e-10"
717,5,2,"20.3","1e-10"
717,7,2,"22.8000000000001","1e-10"
717,6,2,"18.6","1e-10"
717,6,2,"17.95","1e-10"
717,7,2,"21.0500000000001","1e-10"
717,6,2,"21.6500000000001","1e-10"
717,7,2,"20.7000000000001","1e-10"
717,7,2,"21.3500000000001","1e-10"
717,5,2,"21.1500000000001","1e-10"
717,6,2,"22.7500000000001","1e-10"
717,7,2,"23.2000000000001","1e-10"
717,7,2,"17.8","1e-10"
717,7,2,"20.25","1e-10"
717,6,2,"21.2500000000001","1e-10"
717,7,2,"19.5","1e-10"
717,7,2,"23.5500000000001","1e-10"
717,7,2,"21.2000000000001","1e-10"
717,7,2,"22.0500000000001","1e-10"
717,7,2,"22.2000000000001","1e-10"
717,7,2,"22.8500000000001","1e-10"
717,5,2,"18.65","1e-10"
717,5,2,"18.85","1e-10"
717,5,2,"20.9000000000001","1e-10"
717,6,2,"23.1500000000001","1e-10"
717,6,2,"18.55","1e-10"
717,5,2,"19.35","1e-10"
717,6,2,"17.25","1e-10"
717,6,2,"17.55","9.99999999999992e-11"
717,7,2,"20.6000000000001","1e-10"
717,6,2,"19.95","1e-10"
717,6,2,"22.0000000000001","1e-10"
717,6,2,"19.55","1e-10"
717,7,2,"22.9500000000001","1e-10"
717,6,2,"17.65","1.00000000000001e-10"
717,5,2,"23.4500000000001","0.9999999999"
717,5,2,"18.9","1e-10"
717,6,2,"18.3","1e-10"
717,5,2,"18.95","1e-10"
717,5,2,"17.9","1e-10"
717,7,2,"19.6","1e-10"
717,7,2,"17.75","1e-10"
717,5,2,"19.85","1e-10"
717,6,2,"22.6500000000001","1e-10"
717,5,2,"20.8500000000001","1e-10"
717,6,2,"17.7","1.00000000000001e-10"
717,5,2,"19.9","1e-10"
717,7,2,"20","1e-10"
717,7,2,"19.75","1e-10"
717,5,2,"18.7","1e-10"
717,7,2,"21.5000000000001","1e-10"
717,7,2,"20.9500000000001","1e-10"
717,5,2,"22.1000000000001","1.00000000002871e-10"
717,5,2,"21.4500000000001","1e-10"
717,6,2,"21.7000000000001","1e-10"
717,5,2,"22.2000000000001","0.438159336805026"
717,6,2,"20.65","1e-10"
717,6,2,"19.45","1e-10"
717,7,2,"17.5","1e-10"
717,6,2,"19.1","1e-10"
717,6,2,"20.4500000000001","1e-10"
717,5,2,"23.3500000000001","0.9999999999"
717,5,2,"19.05","1e-10"
717,6,2,"22.1000000000001","1e-10"
717,7,2,"20.1","1e-10"
717,7,2,"18.15","1e-10"
717,6,2,"19","1e-10"
717,7,2,"19.8","1e-10"
717,5,2,"20.8000000000001","1e-10"
717,6,2,"21.1000000000001","1e-10"
717,7,2,"17.1","1e-10"
717,7,2,"19.2","1e-10"
717,6,2,"22.4000000000001","1e-10"
717,5,2,"20.9500000000001","1e-10"
717,7,2,"21.4500000000001","1e-10"
717,5,2,"21.5000000000001","1e-10"
717,7,2,"18.7","1e-10"
717,6,2,"21.3000000000001","1e-10"
717,5,2,"20","1e-10"
717,5,2,"19.75","1e-10"
717,6,2,"17.6","1.00000000000001e-10"
717,7,2,"19.9","1e-10"
717,7,2,"20.8000000000001","1e-10"
717,5,2,"17.1","1e-10"
717,5,2,"19.2","1e-10"
717,5,2,"19.8","1e-10"
717,5,2,"22.6500000000001","0.9999999999"
717,5,2,"20.1","1e-10"
717,5,2,"18.15","1e-10"
717,6,2,"21.0000000000001","1e-10"
717,7,2,"19.05","1e-10"
717,6,2,"22.4500000000001","1e-10"
717,6,2,"23.4500000000001","1e-10"
717,6,2,"22.5000000000001","1e-10"
717,5,2,"17.5","1e-10"
717,6,2,"17.4","9.99999999999992e-11"
717,6,2,"21.8000000000001","1e-10"
717,7,2,"23.0000000000001","1e-10"
717,5,2,"20.6000000000001","1e-10"
717,6,2,"17.15","1e-10"
717,7,2,"19.35","1e-10"
717,7,2,"20.8500000000001","1e-10"
717,5,2,"17.75","1e-10"
717,7,2,"19.85","1e-10"
717,7,2,"23.1000000000001","1e-10"
717,7,2,"18.95","1e-10"
717,7,2,"17.9","1e-10"
717,5,2,"19.6","1e-10"
717,7,2,"18.9","1e-10"
717,6,2,"23.3500000000001","1e-10"
717,6,2,"18.9","1e-10"
717,5,2,"17.35","1e-10"
717,7,2,"23.3500000000001","1e-10"
717,6,2,"18.95","1e-10"
717,6,2,"17.9","1e-10"
717,5,2,"18.3","1e-10"
717,6,2,"19.85","1e-10"
717,7,2,"17.6","1e-10"
717,6,2,"23.1000000000001","1e-10"
717,6,2,"20.8500000000001","1e-10"
717,5,2,"17.25","1e-10"
717,5,2,"18.55","1e-10"
717,6,2,"19.35","1e-10"
717,5,2,"22.0000000000001","1e-10"
717,7,2,"21.8000000000001","1e-10"
717,5,2,"19.95","1e-10"
717,6,2,"23.0000000000001","1e-10"
717,5,2,"19.55","1e-10"
717,6,2,"17.45","9.99999999999992e-11"
717,5,2,"20.65","1e-10"
717,7,2,"17.4","9.99999999999992e-11"
717,5,2,"19.45","1e-10"
717,6,2,"19.05","1e-10"
717,7,2,"22.4500000000001","1e-10"
717,7,2,"23.4500000000001","1e-10"
717,5,2,"19.1","1e-10"
717,5,2,"20.4500000000001","1e-10"
717,7,2,"22.5000000000001","1e-10"
717,7,2,"17.15","1.00000000000001e-10"
717,5,2,"19","1e-10"
717,7,2,"21.0000000000001","1e-10"
717,6,2,"20.8000000000001","1e-10"
717,5,2,"21.1000000000001","1e-10"
717,5,2,"22.1500000000001","0.000560035581915095"
717,6,2,"19.9","1e-10"
717,5,2,"17.7","1e-10"
717,5,2,"17.65","1e-10"
717,6,2,"18.7","1e-10"
717,7,2,"21.3000000000001","1e-10"
717,5,2,"21.7000000000001","1e-10"
717,5,2,"22.9500000000001","0.9999999999"
717,6,2,"21.4500000000001","1e-10"
717,6,2,"19.8","1e-10"
717,7,2,"21.1000000000001","1e-10"
717,5,2,"23.1000000000001","0.9999999999"
717,6,2,"17.1","1e-10"
717,6,2,"19.2","1e-10"
717,7,2,"22.4000000000001","1e-10"
717,6,2,"20.1","1e-10"
717,6,2,"18.15","1e-10"
717,7,2,"19","1e-10"
717,5,2,"21.0000000000001","1e-10"
717,7,2,"19.1","1e-10"
717,6,2,"17.3","9.99999999999992e-11"
717,7,2,"20.4500000000001","1e-10"
717,7,2,"22.1000000000001","1e-10"
717,7,2,"20.65","1e-10"
717,7,2,"19.45","1e-10"
717,6,2,"20.9500000000001","1e-10"
717,7,2,"21.7000000000001","1e-10"
717,7,2,"17.35","1.00000000000001e-10"
717,7,2,"17.65","1e-10"
717,5,2,"21.3000000000001","1e-10"
717,6,2,"21.5000000000001","1e-10"
717,7,2,"17.7","1e-10"
717,6,2,"20","1e-10"
717,6,2,"19.75","1e-10"
717,6,2,"17.75","1.00000000000001e-10"
717,5,2,"23.0000000000001","0.9999999999"
717,5,2,"17.6","1e-10"
717,7,2,"22.6500000000001","1e-10"
717,7,2,"18.3","1e-10"
717,6,2,"19.6","1e-10"
717,5,2,"22.4000000000001","0.999918717290308"
717,7,2,"19.55","1e-10"
717,6,2,"22.9500000000001","1e-10"
717,5,2,"21.8000000000001","1e-10"
717,7,2,"19.95","1e-10"
717,7,2,"22.0000000000001","1e-10"
717,5,2,"17.15","1e-10"
717,7,2,"18.55","1e-10"
717,7,2,"17.25","1e-10"
717,6,2,"20.6000000000001","1e-10"
717,6,2,"21.2000000000001","1e-10"
717,6,2,"22.0500000000001","1e-10"
717,5,2,"17.3","1e-10"
717,6,2,"22.2000000000001","1e-10"
717,6,2,"22.8500000000001","1e-10"
717,5,2,"20.7500000000001","1e-10"
717,7,2,"23.1500000000001","1e-10"
717,7,2,"17.45","1e-10"
717,6,2,"20.25","1e-10"
717,7,2,"21.2500000000001","1e-10"
717,5,2,"18.05","1e-10"
717,5,2,"23.2500000000001","0.9999999999"
717,6,2,"19.5","1e-10"
717,6,2,"23.5500000000001","1e-10"
717,6,2,"20.7000000000001","1e-10"
717,6,2,"21.3500000000001","1e-10"
717,7,2,"22.7500000000001","1e-10"
717,6,2,"23.2000000000001","1e-10"
717,7,2,"17.95","1e-10"
717,5,2,"18.4","1e-10"
717,6,2,"21.0500000000001","1e-10"
717,7,2,"21.6500000000001","1e-10"
717,5,2,"20.4","1e-10"
717,5,2,"21.9500000000001","1e-10"
717,6,2,"22.8000000000001","1e-10"
717,7,2,"18.6","1e-10"
717,5,2,"22.5000000000001","0.999999995021859"
717,5,2,"22.9000000000001","0.9999999999"
717,5,2,"19.7","1e-10"
717,6,2,"22.1500000000001","1e-10"
717,6,2,"23.5000000000001","1e-10"
717,6,2,"20.5","1e-10"
717,5,2,"20.5500000000001","1e-10"
717,5,2,"21.4000000000001","1e-10"
717,5,2,"17.85","1e-10"
717,7,2,"18.2","1e-10"
717,5,2,"18.5","1e-10"
717,6,2,"18.8","1e-10"
717,5,2,"21.9000000000001","1e-10"
717,7,2,"22.2500000000001","1e-10"
717,7,2,"22.7000000000001","1e-10"
717,5,2,"23.3000000000001","0.9999999999"
717,6,2,"23.4000000000001","1e-10"
717,6,2,"20.15","1e-10"
717,5,2,"21.8500000000001","1e-10"
717,6,2,"22.6000000000001","1e-10"
717,6,2,"19.65","1e-10"
717,5,2,"19.3","1e-10"
717,7,2,"20.35","1e-10"
717,5,2,"20.2","1e-10"
717,6,2,"22.5500000000001","1e-10"
717,6,2,"23.0500000000001","1e-10"
717,6,2,"17.8","1.00000000000001e-10"
717,5,2,"18.25","1e-10"
717,5,2,"19.25","1e-10"
717,6,2,"21.5500000000001","1e-10"
717,7,2,"21.9000000000001","1e-10"
717,5,2,"23.2000000000001","0.9999999999"
717,6,2,"18.1","1e-10"
717,7,2,"18.5","1e-10"
717,7,2,"17.85","1e-10"
717,5,2,"18.2","1e-10"
717,6,2,"19.15","1e-10"
717,6,2,"17.35","9.99999999999992e-11"
717,6,2,"18","1e-10"
717,6,2,"21.7500000000001","1e-10"
717,5,2,"22.8500000000001","0.9999999999"
717,6,2,"20.05","1e-10"
717,7,2,"21.4000000000001","1e-10"
717,6,2,"21.6000000000001","1e-10"
717,6,2,"19.4","1e-10"
717,6,2,"23.2500000000001","1e-10"
717,5,2,"23.5000000000001","0.9999999999"
717,7,2,"18.25","1e-10"
717,7,2,"19.25","1e-10"
717,6,2,"22.3500000000001","1e-10"
717,6,2,"17.2","1e-10"
717,6,2,"18.35","1e-10"
717,7,2,"20.2","1e-10"
717,7,2,"19.3","1e-10"
717,5,2,"20.35","1e-10"
717,7,2,"21.8500000000001","1e-10"
717,5,2,"22.8000000000001","0.9999999999"
717,6,2,"22.9000000000001","1e-10"
717,7,2,"20.4","1e-10"
717,7,2,"21.9500000000001","1e-10"
717,5,2,"17.95","1e-10"
717,7,2,"18.4","1e-10"
717,5,2,"21.6500000000001","1e-10"
717,6,2,"21.1500000000001","1e-10"
717,7,2,"18.05","1e-10"
717,5,2,"17.45","1e-10"
717,5,2,"21.2500000000001","1e-10"
717,6,2,"22.3000000000001","1e-10"
717,7,2,"17.3","1e-10"
717,6,2,"18.65","1e-10"
717,6,2,"18.85","1e-10"
717,7,2,"20.7500000000001","1e-10"
717,6,2,"20.9000000000001","1e-10"
717,7,2,"20.5500000000001","1e-10"
717,5,2,"23.0500000000001","0.9999999999"
717,5,2,"22.3000000000001","0.964651195723616"
717,7,2,"19.7","1e-10"
717,6,2,"18.45","1e-10"
717,6,2,"18.75","1e-10"
717,6,2,"20.3","1e-10"
717,6,2,"23.3000000000001","1e-10"
717,5,2,"23.4000000000001","0.9999999999"
717,5,2,"18.6","1e-10"
717,5,2,"22.6000000000001","0.9999999999"
717,7,2,"18.75","1e-10"
717,7,2,"20.3","1e-10"
717,7,2,"23.3000000000001","1e-10"
717,6,1,"16.95","1e-10"
717,7,1,"20.650000000000098","1e-10"
717,6,1,"20.8500000000001","1e-10"
717,6,1,"22.400000000000098","1e-10"
717,6,1,"18.95","1e-10"
717,6,1,"23.150000000000098","1e-10"
717,5,1,"18.3","1e-10"
717,7,1,"23.3500000000001","1e-10"
717,6,1,"18.099999999999998","1e-10"
717,5,1,"19.55","1e-10"
717,5,1,"17.099999999999998","1e-10"
717,7,1,"21.8000000000001","1e-10"
717,5,1,"19.95","1e-10"
717,7,1,"17.15","1e-10"
717,5,1,"18.55","1e-10"
717,6,1,"20.8000000000001","1e-10"
717,6,1,"20.599999999999998","1e-10"
717,5,1,"18.599999999999998","1e-10"
717,5,1,"16.849999999999998","1e-10"
717,7,1,"21.0000000000001","1e-10"
717,5,1,"20.150000000000098","1e-10"
717,7,1,"22.4500000000001","1e-10"
717,5,1,"20.4500000000001","1e-10"
717,7,1,"22.5000000000001","1e-10"
717,5,1,"19.45","1e-10"
717,6,1,"21.4500000000001","1e-10"
717,5,1,"17.65","1e-10"
717,7,1,"21.3000000000001","1e-10"
717,6,1,"23.7000000000001","1e-10"
717,6,1,"21.400000000000098","1e-10"
717,6,1,"19.9","1e-10"
717,5,1,"23.150000000000098","0.9999999999"
717,7,1,"19.45","1e-10"
717,7,1,"20.4500000000001","1e-10"
717,7,1,"20.150000000000098","1e-10"
717,5,1,"21.0000000000001","1e-10"
717,6,1,"22.150000000000098","1e-10"
717,7,1,"18.599999999999998","1e-10"
717,6,1,"19.8","1e-10"
717,5,1,"22.400000000000098","0.9999999999"
717,6,1,"19.2","1e-10"
717,6,1,"20","1e-10"
717,6,1,"19.75","1e-10"
717,7,1,"17.65","1e-10"
717,5,1,"21.3000000000001","1e-10"
717,7,1,"18.3","1e-10"
717,6,1,"19.099999999999998","1e-10"
717,5,1,"20.650000000000098","1e-10"
717,5,1,"17.15","1e-10"
717,5,1,"23.7000000000001","0.9999999999"
717,7,1,"16.849999999999998","1.00000000000001e-10"
717,7,1,"18.55","1e-10"
717,6,1,"20.6000000000001","1e-10"
717,5,1,"21.8000000000001","1e-10"
717,7,1,"19.95","1e-10"
717,5,1,"22.3500000000001","0.000560035581915095"
717,7,1,"19.55","1e-10"
717,5,1,"21.900000000000098","0.438159336805026"
717,5,1,"18.4","1e-10"
717,6,1,"21.0500000000001","1e-10"
717,5,1,"17.849999999999998","1e-10"
717,5,1,"20.4","1e-10"
717,7,1,"21.150000000000098","1e-10"
717,6,1,"21.3500000000001","1e-10"
717,6,1,"23.2000000000001","1e-10"
717,6,1,"17.8","1e-10"
717,5,1,"18.05","1e-10"
717,6,1,"19.5","1e-10"
717,6,1,"23.5500000000001","1e-10"
717,6,1,"21.2000000000001","1e-10"
717,6,1,"22.2000000000001","1e-10"
717,6,1,"22.8500000000001","1e-10"
717,5,1,"20.7","1e-10"
717,5,1,"20.5500000000001","1e-10"
717,5,1,"19.7","1e-10"
717,6,1,"23.5000000000001","1e-10"
717,6,1,"20.5","1e-10"
717,7,1,"20.2500000000001","1e-10"
717,5,1,"22.3500000000001","0.9999999999"
717,6,1,"19.349999999999998","1e-10"
717,6,1,"20.900000000000098","1e-10"
717,6,1,"22.8000000000001","1e-10"
717,5,1,"22.900000000000098","0.9999999999"
717,7,1,"22.2500000000001","1e-10"
717,7,1,"22.7000000000001","1e-10"
717,5,1,"20.349999999999998","1e-10"
717,5,1,"18.5","1e-10"
717,6,1,"18.8","1e-10"
717,5,1,"17.349999999999998","1e-10"
717,7,1,"18.2","1e-10"
717,7,1,"21.900000000000098","1e-10"
717,5,1,"22.3000000000001","0.9999999999"
717,5,1,"18.25","1e-10"
717,6,1,"17.8","1.00000000000001e-10"
717,5,1,"16.9","1e-10"
717,5,1,"19.25","1e-10"
717,5,1,"20.3000000000001","1e-10"
717,6,1,"17.4","1.00000000000001e-10"
717,6,1,"21.5500000000001","1e-10"
717,6,1,"19.65","1e-10"
717,5,1,"19.3","1e-10"
717,7,1,"22.650000000000098","1e-10"
717,5,1,"20.2","1e-10"
717,6,1,"22.5500000000001","1e-10"
717,6,1,"23.0500000000001","1e-10"
717,6,1,"22.6000000000001","1e-10"
717,6,1,"20.15","1e-10"
717,5,1,"21.8500000000001","1e-10"
717,6,1,"17.15","9.99999999999992e-11"
717,5,1,"23.3000000000001","0.9999999999"
717,6,1,"20.05","1e-10"
717,5,1,"21.900000000000098","1e-10"
717,6,1,"21.6000000000001","1e-10"
717,6,1,"19.4","1e-10"
717,6,1,"23.2500000000001","1e-10"
717,5,1,"23.5500000000001","0.9999999999"
717,5,1,"18.2","1e-10"
717,6,1,"19.15","1e-10"
717,6,1,"18","1e-10"
717,6,1,"21.7500000000001","1e-10"
717,5,1,"22.8500000000001","0.9999999999"
717,7,1,"23.650000000000098","1e-10"
717,7,1,"18.5","1e-10"
717,7,1,"17.349999999999998","1e-10"
717,7,1,"20.349999999999998","1e-10"
717,5,1,"23.2000000000001","0.9999999999"
717,5,1,"22.2500000000001","1e-10"
717,5,1,"22.2500000000001","0.999999999259439"
717,7,1,"21.8500000000001","1e-10"
717,5,1,"22.8000000000001","0.9999999999"
717,6,1,"22.900000000000098","1e-10"
717,6,1,"17.25","9.99999999999992e-11"
717,6,1,"17.55","1e-10"
717,5,1,"22.150000000000098","0.999998989227114"
717,6,1,"19.849999999999998","1e-10"
717,7,1,"20.2","1e-10"
717,6,1,"20.55","1e-10"
717,7,1,"19.3","1e-10"
717,7,1,"20.3000000000001","1e-10"
717,5,1,"23.5000000000001","0.9999999999"
717,6,1,"17.099999999999998","9.99999999999992e-11"
717,7,1,"18.25","1e-10"
717,7,1,"16.9","1e-10"
717,7,1,"19.25","1e-10"
717,6,1,"22.3500000000001","1e-10"
717,7,1,"17.3","1e-10"
717,7,1,"20.7","1e-10"
717,6,1,"18.65","1e-10"
717,7,1,"20.7500000000001","1e-10"
717,7,1,"18.05","1e-10"
717,5,1,"17.45","1e-10"
717,5,1,"21.2500000000001","1e-10"
717,6,1,"22.3000000000001","1e-10"
717,6,1,"20.400000000000098","1e-10"
717,7,1,"23.400000000000098","1e-10"
717,7,1,"21.9500000000001","1e-10"
717,7,1,"20.4","1e-10"
717,5,1,"21.150000000000098","1e-10"
717,5,1,"17.95","1e-10"
717,7,1,"18.4","1e-10"
717,7,1,"17.849999999999998","1e-10"
717,6,1,"17.7","9.99999999999992e-11"
717,5,1,"22.6000000000001","0.9999999999"
717,7,1,"17.349999999999998","1.00000000000001e-10"
717,6,1,"18.349999999999998","1e-10"
717,6,1,"18.75","1e-10"
717,5,1,"22.7500000000001","0.999999999259439"
717,6,1,"23.3000000000001","1e-10"
717,6,1,"20.3","1e-10"
717,6,1,"18.849999999999998","1e-10"
717,5,1,"20.2500000000001","1e-10"
717,7,1,"19.7","1e-10"
717,6,1,"17.599999999999998","9.99999999999992e-11"
717,6,1,"18.45","1e-10"
717,6,1,"20.099999999999998","1e-10"
717,7,1,"20.5500000000001","1e-10"
717,5,1,"22.3000000000001","1.00000000002871e-10"
717,6,1,"20.849999999999998","1e-10"
717,6,1,"17.65","9.99999999999992e-11"
717,6,1,"18","1.00000000000001e-10"
717,5,1,"22.5500000000001","0.9999999999"
717,5,1,"23.0500000000001","0.9999999999"
717,6,1,"20.5500000000001","1e-10"
717,7,1,"20.849999999999998","1e-10"
717,5,1,"22.650000000000098","0.9999999999"
717,5,1,"21.9500000000001","0.795566371605067"
717,7,1,"18.849999999999998","1e-10"
717,6,1,"19.7","1e-10"
717,7,1,"17.599999999999998","9.99999999999992e-11"
717,7,1,"18.45","1e-10"
717,7,1,"20.099999999999998","1e-10"
717,5,1,"20.5","1e-10"
717,7,1,"18.75","1e-10"
717,7,1,"20.3","1e-10"
717,7,1,"23.3000000000001","1e-10"
717,5,1,"19.349999999999998","1e-10"
717,5,1,"20.900000000000098","1e-10"
717,6,1,"17.349999999999998","1.00000000000001e-10"
717,7,1,"18.349999999999998","1e-10"
717,6,1,"21.9500000000001","1e-10"
717,6,1,"20.4","1e-10"
717,6,1,"18.4","1e-10"
717,5,1,"21.0500000000001","1e-10"
717,7,1,"17.55","1.00000000000001e-10"
717,6,1,"17.849999999999998","1e-10"
717,7,1,"20.400000000000098","1e-10"
717,5,1,"20.7000000000001","1e-10"
717,5,1,"21.3500000000001","1e-10"
717,6,1,"17","9.99999999999992e-11"
717,5,1,"22.7000000000001","0.9999999999"
717,6,1,"23.400000000000098","1e-10"
717,5,1,"17.4","1e-10"
717,6,1,"18.05","1e-10"
717,5,1,"19.5","1e-10"
717,6,1,"17.5","9.99999999999992e-11"
717,5,1,"17.8","1e-10"
717,7,1,"22.3000000000001","1e-10"
717,5,1,"20.25","1e-10"
717,5,1,"22.2000000000001","1e-10"
717,6,1,"17.3","1e-10"
717,6,1,"20.7","1e-10"
717,7,1,"18.65","1e-10"
717,6,1,"20.7500000000001","1e-10"
717,5,1,"21.2000000000001","1e-10"
717,5,1,"22.0500000000001","1e-10"
717,6,1,"20.3000000000001","1e-10"
717,5,1,"21.5500000000001","1e-10"
717,7,1,"17.099999999999998","9.99999999999992e-11"
717,6,1,"18.25","1e-10"
717,6,1,"16.9","1e-10"
717,6,1,"19.25","1e-10"
717,7,1,"22.3500000000001","1e-10"
717,6,1,"17.05","9.99999999999992e-11"
717,7,1,"17.2","1e-10"
717,7,1,"19.849999999999998","1e-10"
717,6,1,"20.2","1e-10"
717,7,1,"20.55","1e-10"
717,6,1,"17.3","1.00000000000001e-10"
717,5,1,"19.65","1e-10"
717,6,1,"19.3","1e-10"
717,6,1,"21.8500000000001","1e-10"
717,7,1,"22.900000000000098","1e-10"
717,5,1,"22.400000000000098","0.438159336805026"
717,5,1,"20.15","1e-10"
717,6,1,"17.849999999999998","1.00000000000001e-10"
717,7,1,"17.55","1e-10"
717,6,1,"20.349999999999998","1e-10"
717,5,1,"22.7500000000001","0.9999999999"
717,6,1,"17.75","9.99999999999992e-11"
717,6,1,"18.5","1e-10"
717,5,1,"18.8","1e-10"
717,6,1,"17.349999999999998","1e-10"
717,7,1,"19.15","1e-10"
717,7,1,"18","1e-10"
717,7,1,"21.7500000000001","1e-10"
717,6,1,"23.650000000000098","1e-10"
717,7,1,"20.05","1e-10"
717,7,1,"21.6000000000001","1e-10"
717,7,1,"19.4","1e-10"
717,7,1,"23.2500000000001","1e-10"
717,5,1,"17.55","1e-10"
717,6,1,"17.95","1.00000000000001e-10"
717,7,1,"22.6000000000001","1e-10"
717,7,1,"20.15","1e-10"
717,7,1,"19.65","1e-10"
717,5,1,"22.0500000000001","0.99735832280278"
717,6,1,"22.650000000000098","1e-10"
717,5,1,"17.2","1e-10"
717,5,1,"19.849999999999998","1e-10"
717,5,1,"20.55","1e-10"
717,7,1,"22.5500000000001","1e-10"
717,7,1,"23.0500000000001","1e-10"
717,6,1,"17.45","1.00000000000001e-10"
717,7,1,"21.5500000000001","1e-10"
717,5,1,"19.4","1e-10"
717,5,1,"20.05","1e-10"
717,6,1,"21.900000000000098","1e-10"
717,5,1,"21.6000000000001","1e-10"
717,6,1,"18.2","1e-10"
717,5,1,"19.15","1e-10"
717,5,1,"18","1e-10"
717,5,1,"21.7500000000001","1e-10"
717,7,1,"18.8","1e-10"
717,6,1,"22.2500000000001","1e-10"
717,6,1,"22.7000000000001","1e-10"
717,5,1,"23.400000000000098","0.9999999999"
717,7,1,"22.8000000000001","1e-10"
717,5,1,"18.349999999999998","1e-10"
717,7,1,"19.349999999999998","1e-10"
717,7,1,"20.900000000000098","1e-10"
717,5,1,"18.75","1e-10"
717,5,1,"20.3","1e-10"
717,7,1,"23.5000000000001","1e-10"
717,5,1,"18.45","1e-10"
717,5,1,"20.099999999999998","1e-10"
717,7,1,"20.5","1e-10"
717,5,1,"18.849999999999998","1e-10"
717,6,1,"20.2500000000001","1e-10"
717,5,1,"20.849999999999998","1e-10"
717,7,1,"21.2000000000001","1e-10"
717,7,1,"22.0500000000001","1e-10"
717,5,1,"22.6000000000001","0.999918717290308"
717,7,1,"22.2000000000001","1e-10"
717,7,1,"22.8500000000001","1e-10"
717,5,1,"22.5500000000001","0.99735832280278"
717,5,1,"18.65","1e-10"
717,5,1,"23.650000000000098","0.9999999999"
717,6,1,"17.45","1e-10"
717,7,1,"17.8","1e-10"
717,6,1,"21.2500000000001","1e-10"
717,7,1,"20.25","1e-10"
717,7,1,"17.4","1e-10"
717,7,1,"19.5","1e-10"
717,7,1,"23.5500000000001","1e-10"
717,5,1,"20.400000000000098","1e-10"
717,7,1,"20.7000000000001","1e-10"
717,7,1,"21.3500000000001","1e-10"
717,6,1,"22.7500000000001","1e-10"
717,7,1,"23.2000000000001","1e-10"
717,6,1,"17.95","1e-10"
717,7,1,"21.0500000000001","1e-10"
717,6,1,"21.150000000000098","1e-10"
717,6,1,"17.2","9.99999999999992e-11"
717,5,1,"21.8500000000001","0.000560035581915095"
717,7,1,"23.7500000000001","1e-10"
717,5,1,"18.099999999999998","1e-10"
717,6,1,"19.55","1e-10"
717,7,1,"22.9500000000001","1e-10"
717,6,1,"19.95","1e-10"
717,6,1,"22.0000000000001","1e-10"
717,6,1,"18.55","1e-10"
717,7,1,"20.6000000000001","1e-10"
717,6,1,"17.55","9.99999999999992e-11"
717,5,1,"16.95","1e-10"
717,5,1,"20.8500000000001","1e-10"
717,5,1,"23.6000000000001","0.9999999999"
717,5,1,"22.0000000000001","0.964651195723616"
717,7,1,"19.099999999999998","1e-10"
717,7,1,"17.75","1e-10"
717,5,1,"20.45","1e-10"
717,6,1,"18.3","1e-10"
717,5,1,"18.95","1e-10"
717,5,1,"21.650000000000098","1e-10"
717,5,1,"17.9","1e-10"
717,5,1,"22.4500000000001","0.9999999999"
717,5,1,"23.4500000000001","0.9999999999"
717,5,1,"18.9","1e-10"
717,5,1,"22.5000000000001","0.9999999999"
717,7,1,"20.9500000000001","1e-10"
717,5,1,"21.4500000000001","1e-10"
717,6,1,"21.7000000000001","1e-10"
717,6,1,"17.599999999999998","1e-10"
717,6,1,"17.65","1e-10"
717,5,1,"18.7","1e-10"
717,7,1,"21.5000000000001","1e-10"
717,6,1,"17.7","1e-10"
717,5,1,"21.400000000000098","1e-10"
717,7,1,"20","1e-10"
717,7,1,"19.75","1e-10"
717,5,1,"19.9","1e-10"
717,6,1,"18.599999999999998","1e-10"
717,7,1,"19.8","1e-10"
717,5,1,"20.8000000000001","1e-10"
717,6,1,"21.1000000000001","1e-10"
717,7,1,"17","1e-10"
717,7,1,"19.2","1e-10"
717,5,1,"20.599999999999998","1e-10"
717,6,1,"16.849999999999998","1e-10"
717,7,1,"18.15","1e-10"
717,6,1,"19","1e-10"
717,7,1,"22.150000000000098","1e-10"
717,7,1,"17.05","1.00000000000001e-10"
717,6,1,"20.4500000000001","1e-10"
717,6,1,"20.150000000000098","1e-10"
717,5,1,"23.3500000000001","0.9999999999"
717,5,1,"19.05","1e-10"
717,6,1,"22.1000000000001","1e-10"
717,6,1,"19.45","1e-10"
717,7,1,"17.5","1e-10"
717,5,1,"22.4500000000001","0.795566371605067"
717,7,1,"19.9","1e-10"
717,5,1,"20","1e-10"
717,7,1,"23.7000000000001","1e-10"
717,5,1,"19.75","1e-10"
717,5,1,"22.2000000000001","0.999999995021859"
717,7,1,"21.400000000000098","1e-10"
717,5,1,"21.5000000000001","1e-10"
717,5,1,"22.5000000000001","0.964651195723616"
717,7,1,"18.7","1e-10"
717,6,1,"21.3000000000001","1e-10"
717,6,1,"16.8","1e-10"
717,5,1,"20.9500000000001","1e-10"
717,7,1,"21.4500000000001","1e-10"
717,5,1,"17.5","1e-10"
717,5,1,"22.650000000000098","0.999998989227114"
717,7,1,"19.05","1e-10"
717,6,1,"22.4500000000001","1e-10"
717,6,1,"23.4500000000001","1e-10"
717,6,1,"22.5000000000001","1e-10"
717,6,1,"19.599999999999998","1e-10"
717,5,1,"22.150000000000098","1e-10"
717,5,1,"18.15","1e-10"
717,6,1,"21.0000000000001","1e-10"
717,6,1,"23.6000000000001","1e-10"
717,6,1,"20.5000000000001","1e-10"
717,7,1,"20.8000000000001","1e-10"
717,5,1,"17","1e-10"
717,5,1,"19.2","1e-10"
717,7,1,"20.599999999999998","1e-10"
717,5,1,"19.8","1e-10"
717,5,1,"20.6000000000001","1e-10"
717,6,1,"21.8000000000001","1e-10"
717,7,1,"23.0000000000001","1e-10"
717,7,1,"18.099999999999998","1e-10"
717,5,1,"17.05","1e-10"
717,7,1,"18.9","1e-10"
717,6,1,"23.3500000000001","1e-10"
717,7,1,"18.95","1e-10"
717,7,1,"21.650000000000098","1e-10"
717,7,1,"23.150000000000098","1e-10"
717,7,1,"17.9","1e-10"
717,5,1,"17.75","1e-10"
717,7,1,"22.400000000000098","1e-10"
717,7,1,"20.45","1e-10"
717,7,1,"23.1000000000001","1e-10"
717,5,1,"19.099999999999998","1e-10"
717,5,1,"21.8000000000001","1.00000000002871e-10"
717,7,1,"16.95","1e-10"
717,6,1,"20.650000000000098","1e-10"
717,7,1,"20.8500000000001","1e-10"
717,6,1,"20.45","1e-10"
717,6,1,"23.1000000000001","1e-10"
717,6,1,"21.650000000000098","1e-10"
717,6,1,"17.9","1e-10"
717,6,1,"18.9","1e-10"
717,5,1,"22.7000000000001","0.999999995021859"
717,5,1,"22.0000000000001","1e-10"
717,6,1,"23.0000000000001","1e-10"
717,5,1,"17.25","1e-10"
717,7,1,"20.5000000000001","1e-10"
717,5,1,"21.1000000000001","1e-10"
717,7,1,"19.599999999999998","1e-10"
717,5,1,"19","1e-10"
717,7,1,"23.6000000000001","1e-10"
717,6,1,"19.05","1e-10"
717,7,1,"23.4500000000001","1e-10"
717,5,1,"22.1000000000001","1e-10"
717,7,1,"16.8","1e-10"
717,5,1,"21.7000000000001","1e-10"
717,6,1,"17.9","1.00000000000001e-10"
717,5,1,"17.599999999999998","1e-10"
717,5,1,"22.9500000000001","0.9999999999"
717,6,1,"18.7","1e-10"
717,5,1,"17.7","1e-10"
717,7,1,"22.1000000000001","1e-10"
717,6,1,"18.15","1e-10"
717,7,1,"19","1e-10"
717,5,1,"19.599999999999998","1e-10"
717,5,1,"20.5000000000001","1e-10"
717,7,1,"21.1000000000001","1e-10"
717,5,1,"23.1000000000001","0.9999999999"
717,5,1,"23.0000000000001","0.9999999999"
717,7,1,"17.7","1e-10"
717,6,1,"21.5000000000001","1e-10"
717,6,1,"20.9500000000001","1e-10"
717,5,1,"16.8","1e-10"
717,7,1,"21.7000000000001","1e-10"
717,7,1,"17.599999999999998","1e-10"
717,6,1,"17.75","1e-10"
717,5,1,"22.1000000000001","0.999918717290308"
717,7,1,"17.25","1e-10"
717,7,1,"22.0000000000001","1e-10"
717,6,1,"17.5","1.00000000000001e-10"
717,6,1,"22.9500000000001","1e-10"
717,6,1,"23.7500000000001","1e-10"
717,7,1,"17.95","1e-10"
717,5,1,"21.9500000000001","1e-10"
717,6,1,"20.7000000000001","1e-10"
717,7,1,"22.7500000000001","1e-10"
717,7,1,"17.45","1e-10"
717,7,1,"21.2500000000001","1e-10"
717,6,1,"20.25","1e-10"
717,6,1,"17.4","1e-10"
717,5,1,"23.2500000000001","0.9999999999"
717,6,1,"22.0500000000001","1e-10"
717,5,1,"17.3","1e-10"
717,5,1,"20.7500000000001","1e-10"
34002031,2,0,"2.6499999999999986","0"
34002031,2,0,"2.6999999999999984","0"
34002031,2,0,"2.7499999999999982","0"
34002031,2,0,"2.799999999999998","0"
34002031,2,0,"2.849999999999998","0"
34002031,2,0,"2.8999999999999977","0"
34002031,2,0,"2.9499999999999975","0"
34002031,2,0,"2.9999999999999973","0"
34002031,2,0,"3.049999999999997","0"
34002031,2,0,"3.099999999999997","0"
34002031,2,0,"3.149999999999997","0"
34002031,2,0,"3.1999999999999966","0"
34002031,2,0,"3.2499999999999964","0"
34002031,2,0,"3.2999999999999963","0"
34002031,2,0,"3.349999999999996","0"
34002031,2,0,"3.399999999999996","0"
34002031,2,0,"3.4499999999999957","0"
34002031,2,0,"3.4999999999999956","0"
34002031,2,0,"3.5499999999999954","0"
34002031,2,0,"3.599999999999995","0"
34002031,2,0,"3.649999999999995","0"
34002031,2,0,"3.699999999999995","0"
34002031,2,0,"3.7499999999999947","0"
34002031,2,0,"3.7999999999999945","0"
34002031,2,0,"3.8499999999999943","0"
34002031,2,0,"3.899999999999994","0"
34002031,2,0,"3.949999999999994","0"
34002031,2,0,"3.999999999999994","0"
34002031,2,0,"4.049999999999994","0"
34002031,2,0,"4.099999999999993","0"
34002031,2,0,"4.149999999999993","0"
34002031,2,0,"4.199999999999993","0"
34002031,2,0,"4.249999999999993","0"
34002031,2,0,"4.299999999999993","0"
34002031,2,0,"4.3499999999999925","0.005094031750674728"
34002031,2,0,"4.399999999999992","0.11259618314504531"
34002031,2,0,"4.449999999999992","0.31784697718574983"
34002031,2,0,"4.499999999999992","0.5148061006744843"
34002031,2,0,"4.549999999999992","0.6656447685856989"
34002031,2,0,"4.599999999999992","0.7717090759238509"
34002031,2,0,"4.6499999999999915","0.8438899042247774"
34002031,2,0,"4.699999999999991","0.8925285246899091"
34002031,2,0,"4.749999999999991","0.9253314815822963"
34002031,2,0,"4.799999999999991","0.9475902230591668"
34002031,2,0,"4.849999999999991","0.9628257031876821"
34002031,2,0,"4.899999999999991","0.9733570352772297"
34002031,2,0,"4.94999999999999","0.9807116279931879"
34002031,2,0,"4.99999999999999","0.9859005801012259"
34002031,2,0,"5.04999999999999","0.9895984048224507"
34002031,2,0,"5.09999999999999","0.9922591718101433"
34002031,2,0,"5.14999999999999","0.9941915152851519"
34002031,2,0,"5.1999999999999895","0.9956072835996914"
34002031,2,0,"5.249999999999989","0.9966533113368381"
717,2,0,"17.8","0"
717,2,0,"17.900000000000002","0"
717,2,0,"18.000000000000004","0"
717,2,0,"18.100000000000005","0"
717,2,0,"18.200000000000006","0"
717,2,0,"18.300000000000008","0"
717,2,0,"18.40000000000001","0"
717,2,0,"18.50000000000001","0"
717,2,0,"18.600000000000012","0"
717,2,0,"18.700000000000014","0"
717,2,0,"18.800000000000015","0"
717,2,0,"18.900000000000016","0"
717,2,0,"19.000000000000018","0"
717,2,0,"19.10000000000002","0"
717,2,0,"19.20000000000002","0"
717,2,0,"19.300000000000022","0"
717,2,0,"19.400000000000023","0"
717,2,0,"19.500000000000025","0"
717,2,0,"19.600000000000026","0"
717,2,0,"19.700000000000028","0"
717,2,0,"19.8","2.217024192434319e-276"
717,2,0,"19.85","8.185908460953927e-243"
717,2,0,"19.900000000000002","1.9400274292931738e-213"
717,2,0,"19.950000000000003","7.184628612969171e-188"
717,2,0,"20.000000000000004","1.5230588404050075e-165"
717,2,0,"20.050000000000004","8.756849166645284e-147"
717,2,0,"20.100000000000005","1.2760466234296917e-129"
717,2,0,"20.150000000000006","4.812091732303224e-115"
717,2,0,"20.200000000000006","9.876137525489322e-102"
717,2,0,"20.250000000000007","5.657932829889826e-90"
717,2,0,"20.300000000000008","4.997913406886618e-82"
717,2,0,"20.35000000000001","1.220660693463221e-76"
717,2,0,"20.40000000000001","1.8162367523771124e-71"
717,2,0,"20.45000000000001","1.6579635629381624e-66"
717,2,0,"20.50000000000001","9.34832786447533e-62"
717,2,0,"20.55000000000001","3.2769166004966616e-57"
717,2,0,"20.600000000000012","7.185830555017902e-53"
717,2,0,"20.650000000000013","9.916876158445035e-49"
717,2,0,"20.700000000000014","8.66306138764062e-45"
717,2,0,"20.750000000000014","4.817185503764184e-41"
717,2,0,"20.800000000000015","1.714325172277326e-37"
717,2,0,"20.850000000000016","3.925217038176107e-34"
717,2,0,"20.900000000000016","5.812457651788068e-31"
717,2,0,"20.950000000000017","5.595401837452483e-28"
717,2,0,"21.000000000000018","3.5202208325450217e-25"
717,2,0,"21.05000000000002","1.4553757944159938e-22"
717,2,0,"21.10000000000002","3.97774514660539e-20"
717,2,0,"21.15000000000002","7.234818400715654e-18"
717,2,0,"21.20000000000002","8.822527400583279e-16"
717,2,0,"21.25000000000002","7.275704980383292e-14"
717,2,0,"21.300000000000022","4.100762051017112e-12"
717,2,0,"21.350000000000023","1.603617895641131e-10"
717,2,0,"21.400000000000023","4.461004440943679e-09"
717,2,0,"21.450000000000024","9.188573052629306e-08"
717,2,0,"21.500000000000025","1.4700613990545495e-06"
717,2,0,"21.550000000000026","1.8912183194429005e-05"
717,2,0,"21.600000000000026","0.00019895499197544308"
717,2,0,"21.650000000000027","0.0017062628827900852"
717,2,0,"21.700000000000028","0.012034111719910747"
717,2,0,"21.75000000000003","0.0652177583514371"
717,2,0,"21.80000000000003","0.23610992018221058"
717,2,0,"21.85000000000003","0.3643528418798302"
717,2,0,"21.90000000000003","0.544517389245705"
717,2,0,"21.95000000000003","0.6941133214460666"
717,2,0,"22.000000000000032","0.7991002198229474"
717,2,0,"22.050000000000033","0.8682949135190627"
717,2,0,"22.100000000000033","0.9130092648975059"
717,2,0,"22.150000000000034","0.9418768980812877"
717,2,0,"22.200000000000035","0.9606542500832933"
717,2,0,"22.250000000000036","0.9730064623168616"
717,2,0,"22.300000000000036","0.9812363091379237"
717,2,0,"22.350000000000037","0.9867920115066952"
717,2,0,"22.400000000000038","0.990591334054642"
717,2,0,"22.45000000000004","0.9932221654855193"
717,2,0,"22.50000000000004","0.9950656707144221"
717,2,0,"22.55000000000004","0.9963720976821139"
717,2,0,"22.60000000000004","0.9973078029290626"
717,2,0,"22.65000000000004","0.9979847249291921"
717,2,0,"22.700000000000042","0.9984790696960328"
717,2,0,"22.750000000000043","0.9988432990046154"
27,1,0,"14.650000000000002","0"
27,1,0,"14.700000000000003","0"
27,1,0,"14.750000000000004","0"
27,1,0,"14.800000000000004","0"
27,1,0,"14.850000000000005","0"
27,1,0,"14.900000000000006","0"
27,1,0,"14.950000000000006","0"
27,1,0,"15.000000000000007","0"
27,1,0,"15.050000000000008","0"
27,1,0,"15.100000000000009","0"
27,1,0,"15.15000000000001","0"
27,1,0,"15.20000000000001","0"
27,1,0,"15.25000000000001","0"
27,1,0,"15.300000000000011","0"
27,1,0,"15.350000000000012","0"
27,1,0,"15.400000000000013","0"
27,1,0,"15.450000000000014","0"
27,1,0,"15.500000000000014","0"
27,1,0,"15.550000000000015","0"
27,1,0,"15.600000000000016","0"
27,1,0,"15.650000000000016","0"
27,1,0,"15.700000000000017","0"
27,1,0,"15.750000000000018","0"
27,1,0,"15.800000000000018","0"
27,1,0,"15.85000000000002","0"
27,1,0,"15.90000000000002","0"
27,1,0,"15.95000000000002","0"
27,1,0,"16.00000000000002","0"
27,1,0,"16.050000000000022","0"
27,1,0,"16.100000000000023","0"
27,1,0,"16.150000000000023","0"
27,1,0,"16.200000000000024","0"
27,1,0,"16.250000000000025","0"
27,1,0,"16.300000000000026","0"
27,1,0,"16.350000000000026","0"
27,1,0,"16.400000000000027","0"
27,1,0,"16.450000000000028","0"
27,1,0,"16.50000000000003","0"
27,1,0,"16.55000000000003","0"
27,1,0,"16.60000000000003","0"
27,1,0,"16.65000000000003","0"
27,1,0,"16.70000000000003","0"
27,1,0,"16.750000000000032","0"
27,1,0,"16.800000000000033","0"
27,1,0,"16.850000000000033","0"
27,1,0,"16.900000000000034","0"
27,1,0,"16.950000000000035","0"
27,1,0,"17.000000000000036","0"
27,1,0,"17.050000000000036","0"
27,1,0,"17.100000000000037","0"
27,1,0,"17.150000000000038","0"
27,1,0,"17.20000000000004","0"
27,1,0,"17.25000000000004","0"
27,1,0,"17.30000000000004","0"
27,1,0,"17.35000000000004","0"
27,1,0,"17.40000000000004","0"
27,1,0,"17.450000000000042","0"
27,1,0,"17.500000000000043","0"
27,1,0,"17.550000000000043","0"
27,1,0,"17.600000000000044","0"
27,1,0,"17.650000000000045","0"
27,1,0,"17.700000000000045","0"
27,1,0,"17.750000000000046","0"
27,1,0,"17.800000000000047","0"
27,1,0,"17.850000000000048","0"
27,1,0,"17.90000000000005","0"
27,1,0,"17.95000000000005","0"
27,1,0,"18.00000000000005","0"
27,1,0,"18.05000000000005","0"
27,1,0,"18.10000000000005","0"
27,1,0,"18.150000000000052","2.220446049250313e-16"
27,1,0,"18.200000000000053","4.496403249731884e-14"
27,1,0,"18.250000000000053","6.142863995250991e-12"
27,1,0,"18.300000000000054","5.2080106893726e-10"
27,1,0,"18.350000000000055","2.8951540942401266e-08"
27,1,0,"18.400000000000055","1.0936908020342528e-06"
27,1,0,"18.450000000000056","2.8283225874226048e-05"
27,1,0,"18.500000000000057","0.00048643804297920923"
27,1,0,"18.550000000000058","0.005313246369619495"
27,1,0,"18.60000000000006","0.03956751993460417"
27,1,0,"18.65000000000006","0.14323601111618978"
27,1,0,"18.70000000000006","0.26881565871539104"
27,1,0,"18.75000000000006","0.43716666485592004"
27,1,0,"18.80000000000006","0.5926115400211248"
27,1,0,"18.850000000000062","0.7138767779564242"
27,1,0,"18.900000000000063","0.8013686811250941"
27,1,0,"18.950000000000063","0.8623032027785819"
27,1,0,"19.000000000000064","0.9041529691209883"
27,1,0,"19.050000000000065","0.9328135191663598"
27,1,0,"19.100000000000065","0.952502349852372"
27,1,0,"19.150000000000066","0.9661132523065998"
27,1,0,"19.200000000000067","0.9755976978357694"
27,1,0,"19.250000000000068","0.9822649116878037"
27,1,0,"19.300000000000068","0.9869944033777015"
27,1,0,"19.35000000000007","0.9903799125612553"
27,1,0,"19.40000000000007","0.9928250311114883"
27,1,0,"19.45000000000007","0.9946062882130914"
27,1,0,"19.50000000000007","0.9959147637132169"
27,1,0,"19.55000000000007","0.9968836387238664"
27,1,0,"19.600000000000072","0.9976065430450095"
34002031,1,0,"0","0"
34002031,1,0,"0.05","0"
34002031,1,0,"0.1","0"
34002031,1,0,"0.15000000000000002","0"
34002031,1,0,"0.2","0"
34002031,1,0,"0.25","0"
34002031,1,0,"0.30000000000000004","0"
34002031,1,0,"0.35000000000000003","0"
34002031,1,0,"0.4","0"
34002031,1,0,"0.45","0"
34002031,1,0,"0.5","0"
34002031,1,0,"0.55","0"
34002031,1,0,"0.6000000000000001","0"
34002031,1,0,"0.65","0"
34002031,1,0,"0.7000000000000001","0"
34002031,1,0,"0.75","0"
34002031,1,0,"0.8","0"
34002031,1,0,"0.8500000000000001","0"
34002031,1,0,"0.9","0"
34002031,1,0,"0.9500000000000001","0"
34002031,1,0,"1","0"
34002031,1,0,"1.05","0"
34002031,1,0,"1.1","0"
34002031,1,0,"1.1500000000000001","2.9976021664879227e-15"
34002031,1,0,"1.2000000000000002","8.807473639294017e-10"
34002031,1,0,"1.25","2.708057444955614e-09"
34002031,1,0,"1.3","8.32653634930125e-09"
34002031,1,0,"1.35","2.39101159982269e-08"
34002031,1,0,"1.4000000000000001","6.865923884991076e-08"
34002031,1,0,"1.4500000000000002","1.8417386227209676e-07"
34002031,1,0,"1.5","4.940341913339807e-07"
34002031,1,0,"1.55","1.23827598086379e-06"
34002031,1,0,"1.6","3.1036868125555728e-06"
34002031,1,0,"1.6500000000000001","7.271314681145391e-06"
34002031,1,0,"1.7000000000000002","1.7035229514572592e-05"
34002031,1,0,"1.75","3.731902958048483e-05"
34002031,1,0,"1.8","8.175506515561981e-05"
34002031,1,0,"1.85","0.0001675538452047265"
34002031,1,0,"1.9000000000000001","0.0003433951332281193"
34002031,1,0,"1.9500000000000002","0.0006587940663862479"
34002031,1,0,"2","0.0012638782004292803"
34002031,1,0,"2.0500000000000003","0.0022714175099626255"
34002031,1,0,"2.1","0.00408214769990467"
34002031,1,0,"2.15","0.006878885577919602"
34002031,1,0,"2.2","0.011591708597758044"
34002031,1,0,"2.25","0.018336743012453027"
34002031,1,0,"2.3000000000000003","0.02900660758081064"
34002031,1,0,"2.35","0.04313848724585789"
34002031,1,0,"2.4000000000000004","0.06415535021782304"
34002031,1,0,"2.45","0.08987243130639144"
34002031,1,0,"2.5","0.12589836569728674"
34002031,1,0,"2.5500000000000003","0.12676888730004765"
34002031,1,0,"2.6","0.12764565591331145"
34002031,1,0,"2.6500000000000004","0.12852507017485204"
34002031,1,0,"2.7","0.12941101482488537"
34002031,1,0,"2.75","0.13029994802086042"
34002031,1,0,"2.8000000000000003","0.13119597932476934"
34002031,1,0,"2.85","0.13209543767484044"
34002031,1,0,"2.9000000000000004","0.1330028779773611"
34002031,1,0,"2.95","0.13391410523733893"
34002031,1,0,"3","0.1348343662814565"
34002031,1,0,"3.0500000000000003","0.1384226623718211"
34002031,1,0,"3.1","0.14211097293963604"
34002031,1,0,"3.1500000000000004","0.14583843493884652"
34002031,1,0,"3.2","0.14967093146092247"
34002031,1,0,"3.25","0.15354432074425017"
34002031,1,0,"3.3000000000000003","0.15752918769713442"
34002031,1,0,"3.35","0.16155781928331814"
34002031,1,0,"3.4000000000000004","0.16570628846053226"
34002031,1,0,"3.45","0.16990250944997298"
34002031,1,0,"3.5","0.17422921101474687"
34002031,1,0,"3.5500000000000003","0.17638232606124638"
34002031,1,0,"3.6","0.17860074646690305"
34002031,1,0,"3.6500000000000004","0.1808610479016005"
34002031,1,0,"3.7","0.18320294833864603"
34002031,1,0,"3.75","0.18560039426647967"
34002031,1,0,"3.8000000000000003","0.1881006436269933"
34002031,1,0,"3.85","0.19067077787646314"
34002031,1,0,"3.9000000000000004","0.19336949061261"
34002031,1,0,"3.95","0.19614201912225215"
34002031,1,0,"4","0.19906865770273352"
34002031,1,0,"4.05","0.20209033043253188"
34002031,1,0,"4.1000000000000005","0.20529727405052245"
34002031,1,0,"4.15","0.2086578841474922"
34002031,1,0,"4.2","0.21225289625639032"
34002031,1,0,"4.25","0.21603043630956764"
34002031,1,0,"4.3","0.22009892074213466"
34002031,1,0,"4.3500000000000005","0.22815149193098672"
34002031,1,0,"4.4","0.3154558010846976"
34002031,1,0,"4.45","0.47689698826296245"
34002031,1,0,"4.5","0.6303107073908358"
34002031,1,0,"4.55","0.7469359729686947"
34002031,1,0,"4.6000000000000005","0.8284573407448955"
34002031,1,0,"4.65","0.883573679921257"
34002031,1,0,"4.7","0.9204978826476138"
34002031,1,0,"4.75","0.9452282767962309"
34002031,1,0,"4.800000000000001","0.9619056682216868"
34002031,1,0,"4.8500000000000005","0.9732340419775666"
34002031,1,0,"4.9","0.9810121014470391"
34002031,1,0,"4.95","0.9863979540393835"
34002031,1,0,"5","0.9901700158271657"
34002031,1,0,"5.050000000000001","0.9928327206789738"
34002031,1,0,"5.1000000000000005","0.9947332891140739"
34002031,1,0,"5.15","0.996099005957689"
34002031,1,0,"5.2","0.997090841661299"
34002031,1,0,"5.25","0.9978150584858894"
34002031,1,0,"5.300000000000001","0.9985216125865705"
34002031,1,0,"5.3500000000000005","0.9992080225300946"
34002031,1,0,"5.4","0.9998742820678399"
34002031,1,0,"5.45","1"
34002031,1,0,"5.5","1"
34002031,1,0,"5.550000000000001","1"
34002031,1,0,"5.6000000000000005","1"
34002031,1,0,"5.65","1"
34002031,1,0,"5.7","1"
34002031,1,0,"5.75","1"
34002031,1,0,"5.800000000000001","1"
34002031,1,0,"5.8500000000000005","1"
34002031,1,0,"5.9","1"
34002031,1,0,"5.95","1"
34002031,1,0,"6","1"
717,1,0,"16.6","3.000000248221113e-10"
717,1,0,"16.650000000000002","3.000000248221113e-10"
717,1,0,"16.700000000000003","3.000000248221113e-10"
717,1,0,"16.750000000000004","3.000000248221113e-10"
717,1,0,"16.800000000000004","3.000000248221113e-10"
717,1,0,"16.850000000000005","3.000000248221113e-10"
717,1,0,"16.900000000000006","3.000000248221113e-10"
717,1,0,"16.950000000000006","3.000000248221113e-10"
717,1,0,"17.000000000000007","3.000000248221113e-10"
717,1,0,"17.050000000000008","3.000000248221113e-10"
717,1,0,"17.10000000000001","3.000000248221113e-10"
717,1,0,"17.15000000000001","3.000000248221113e-10"
717,1,0,"17.20000000000001","3.000000248221113e-10"
717,1,0,"17.25000000000001","3.000000248221113e-10"
717,1,0,"17.30000000000001","3.000000248221113e-10"
717,1,0,"17.350000000000012","3.000000248221113e-10"
717,1,0,"17.400000000000013","3.000000248221113e-10"
717,1,0,"17.450000000000014","3.000000248221113e-10"
717,1,0,"17.500000000000014","3.000000248221113e-10"
717,1,0,"17.550000000000015","3.000000248221113e-10"
717,1,0,"17.600000000000016","3.000000248221113e-10"
717,1,0,"17.650000000000016","3.000000248221113e-10"
717,1,0,"17.700000000000017","3.000000248221113e-10"
717,1,0,"17.750000000000018","3.000000248221113e-10"
717,1,0,"17.80000000000002","3.000000248221113e-10"
717,1,0,"17.85000000000002","3.000000248221113e-10"
717,1,0,"17.90000000000002","3.000000248221113e-10"
717,1,0,"17.95000000000002","3.000000248221113e-10"
717,1,0,"18.00000000000002","3.000000248221113e-10"
717,1,0,"18.050000000000022","3.000000248221113e-10"
717,1,0,"18.100000000000023","3.000000248221113e-10"
717,1,0,"18.150000000000023","3.000000248221113e-10"
717,1,0,"18.200000000000024","3.000000248221113e-10"
717,1,0,"18.250000000000025","3.000000248221113e-10"
717,1,0,"18.300000000000026","3.000000248221113e-10"
717,1,0,"18.350000000000026","3.000000248221113e-10"
717,1,0,"18.400000000000027","3.000000248221113e-10"
717,1,0,"18.450000000000028","3.000000248221113e-10"
717,1,0,"18.50000000000003","3.000000248221113e-10"
717,1,0,"18.55000000000003","3.000000248221113e-10"
717,1,0,"18.60000000000003","3.000000248221113e-10"
717,1,0,"18.65000000000003","3.000000248221113e-10"
717,1,0,"18.70000000000003","3.000000248221113e-10"
717,1,0,"18.750000000000032","3.000000248221113e-10"
717,1,0,"18.800000000000033","3.000000248221113e-10"
717,1,0,"18.850000000000033","3.000000248221113e-10"
717,1,0,"18.900000000000034","3.000000248221113e-10"
717,1,0,"18.950000000000035","3.000000248221113e-10"
717,1,0,"19.000000000000036","3.000000248221113e-10"
717,1,0,"19.050000000000036","3.000000248221113e-10"
717,1,0,"19.100000000000037","3.000000248221113e-10"
717,1,0,"19.150000000000038","3.000000248221113e-10"
717,1,0,"19.20000000000004","3.000000248221113e-10"
717,1,0,"19.25000000000004","3.000000248221113e-10"
717,1,0,"19.30000000000004","3.000000248221113e-10"
717,1,0,"19.35000000000004","3.000000248221113e-10"
717,1,0,"19.40000000000004","3.000000248221113e-10"
717,1,0,"19.450000000000042","3.000000248221113e-10"
717,1,0,"19.500000000000043","3.000000248221113e-10"
717,1,0,"19.550000000000043","3.000000248221113e-10"
717,1,0,"19.600000000000044","3.000000248221113e-10"
717,1,0,"19.650000000000045","3.000000248221113e-10"
717,1,0,"19.700000000000045","3.000000248221113e-10"
717,1,0,"19.750000000000046","3.000000248221113e-10"
717,1,0,"19.800000000000047","3.000000248221113e-10"
717,1,0,"19.850000000000048","3.000000248221113e-10"
717,1,0,"19.90000000000005","3.000000248221113e-10"
717,1,0,"19.95000000000005","3.000000248221113e-10"
717,1,0,"20.00000000000005","3.000000248221113e-10"
717,1,0,"20.05000000000005","3.000000248221113e-10"
717,1,0,"20.10000000000005","3.000000248221113e-10"
717,1,0,"20.150000000000052","3.000000248221113e-10"
717,1,0,"20.200000000000053","3.000000248221113e-10"
717,1,0,"20.250000000000053","3.000000248221113e-10"
717,1,0,"20.300000000000054","3.000000248221113e-10"
717,1,0,"20.350000000000055","3.000000248221113e-10"
717,1,0,"20.400000000000055","3.000000248221113e-10"
717,1,0,"20.450000000000056","3.000000248221113e-10"
717,1,0,"20.500000000000057","3.000000248221113e-10"
717,1,0,"20.550000000000058","3.000000248221113e-10"
717,1,0,"20.60000000000006","3.000000248221113e-10"
717,1,0,"20.65000000000006","3.000000248221113e-10"
717,1,0,"20.70000000000006","3.000000248221113e-10"
717,1,0,"20.75000000000006","3.000000248221113e-10"
717,1,0,"20.80000000000006","3.000000248221113e-10"
717,1,0,"20.850000000000062","3.000000248221113e-10"
717,1,0,"20.900000000000063","3.000000248221113e-10"
717,1,0,"20.950000000000063","3.000000248221113e-10"
717,1,0,"21.000000000000064","3.000000248221113e-10"
717,1,0,"21.050000000000065","3.000000248221113e-10"
717,1,0,"21.100000000000065","3.000000248221113e-10"
717,1,0,"21.150000000000066","3.000000248221113e-10"
717,1,0,"21.200000000000067","3.00000913000531e-10"
717,1,0,"21.250000000000068","3.0007274443022425e-10"
717,1,0,"21.300000000000068","3.041007445858668e-10"
717,1,0,"21.35000000000007","4.60361859744296e-10"
717,1,0,"21.40000000000007","4.761004479547637e-09"
717,1,0,"21.45000000000007","9.218573060465474e-08"
717,1,0,"21.50000000000007","1.4703613987476771e-06"
717,1,0,"21.55000000000007","1.8912483188859852e-05"
717,1,0,"21.600000000000072","0.0001989552919162696"
717,1,0,"21.650000000000073","0.0022653430963239796"
717,1,0,"21.700000000000074","0.4449205902242951"
717,1,0,"21.750000000000075","0.8088990746186506"
717,1,0,"21.800000000000075","0.9729973990851828"
717,1,0,"21.850000000000076","0.998320825397242"
717,1,0,"21.900000000000077","0.9999629771391871"
717,1,0,"21.950000000000077","0.9999996908180392"
717,1,0,"22.000000000000078","0.9999999989998926"
717,1,0,"22.05000000000008","0.9999999999024644"
717,1,0,"22.10000000000008","0.999999999991301"
717,1,0,"22.15000000000008","0.9999999999941876"
717,1,0,"22.20000000000008","0.9999999999960654"
717,1,0,"22.25000000000008","0.9999999999973006"
717,1,0,"22.300000000000082","0.9999999999981236"
717,1,0,"22.350000000000083","0.9999999999986792"
717,1,0,"22.400000000000084","0.9999999999990591"
717,1,0,"22.450000000000085","0.9999999999993222"
717,1,0,"22.500000000000085","0.9999999999995066"
717,1,0,"22.550000000000086","0.9999999999996372"
717,1,0,"22.600000000000087","0.9999999999997308"
717,1,0,"22.650000000000087","0.9999999999997985"
717,1,0,"22.700000000000088","0.9999999999998479"
717,1,0,"22.75000000000009","0.9999999999998843"
717,1,0,"22.80000000000009","0.9999999999999207"
717,1,0,"22.85000000000009","0.9999999999999573"
717,1,0,"22.90000000000009","0.9999999999999937"
717,1,0,"22.95000000000009","1"
717,1,0,"23.000000000000092","1"
717,1,0,"23.050000000000093","1"
27,2,1,"14.650000000000002","9.999999999999921e-21"
27,2,1,"14.750000000000002","9.999999999999921e-21"
27,2,1,"14.850000000000001","9.999999999999921e-21"
27,2,1,"14.950000000000001","1.0000000000000063e-20"
27,2,1,"15.05","9.999999999999921e-21"
27,2,1,"15.15","9.999999999999992e-21"
27,2,1,"15.25","9.999999999999992e-21"
27,2,1,"15.35","9.999999999999992e-21"
27,2,1,"15.45","9.999999999999992e-21"
27,2,1,"15.549999999999999","9.999999999999992e-21"
27,2,1,"15.649999999999999","9.999999999999992e-21"
27,2,1,"15.749999999999998","9.999999999999992e-21"
27,2,1,"15.849999999999998","9.999999999999992e-21"
27,2,1,"15.949999999999998","9.999999999999992e-21"
27,2,1,"16.049999999999997","9.999999999999992e-21"
27,2,1,"16.15","9.999999999999992e-21"
27,2,1,"16.249999999999996","9.999999999999992e-21"
27,2,1,"16.349999999999994","9.999999999999992e-21"
27,2,1,"16.449999999999996","9.999999999999992e-21"
27,2,1,"16.549999999999997","9.999999999999992e-21"
27,2,1,"16.650000000000002","9.999999999999992e-21"
27,2,1,"16.700000000000003","9.999999999999992e-21"
27,2,1,"16.750000000000004","9.999999999999992e-21"
27,2,1,"16.800000000000004","9.999999999999992e-21"
27,2,1,"16.850000000000005","9.999999999999992e-21"
27,2,1,"16.900000000000006","9.999999999999992e-21"
27,2,1,"16.950000000000006","9.999999999999992e-21"
27,2,1,"17.000000000000007","9.999999999999992e-21"
27,2,1,"17.050000000000008","9.999999999999992e-21"
27,2,1,"17.10000000000001","9.999999999999992e-21"
27,2,1,"17.15000000000001","9.999999999999992e-21"
27,2,1,"17.20000000000001","9.999999999999992e-21"
27,2,1,"17.25000000000001","9.999999999999992e-21"
27,2,1,"17.30000000000001","9.999999999999992e-21"
27,2,1,"17.350000000000012","9.999999999999992e-21"
27,2,1,"17.400000000000013","9.999999999999992e-21"
27,2,1,"17.450000000000014","9.999999999999992e-21"
27,2,1,"17.500000000000014","9.999999999999992e-21"
27,2,1,"17.550000000000015","9.999999999999992e-21"
27,2,1,"17.600000000000016","9.999999999999992e-21"
27,2,1,"17.650000000000016","9.999999999999992e-21"
27,2,1,"17.700000000000017","9.999999999999992e-21"
27,2,1,"17.750000000000018","9.999999999999992e-21"
27,2,1,"17.80000000000002","9.999999999999992e-21"
27,2,1,"17.85000000000002","9.999999999999992e-21"
27,2,1,"17.90000000000002","9.999999999999992e-21"
27,2,1,"17.95000000000002","9.999999999999992e-21"
27,2,1,"18.00000000000002","9.999999999999992e-21"
27,2,1,"18.050000000000022","9.999999999999992e-21"
27,2,1,"18.100000000000023","9.999999999999992e-21"
27,2,1,"18.150000000000023","9.999999999999992e-21"
27,2,1,"18.200000000000024","9.999999999999992e-21"
27,2,1,"18.250000000000025","9.999999999999992e-21"
27,2,1,"18.300000000000026","9.999999999999992e-21"
27,2,1,"18.350000000000026","9.999999999999992e-21"
27,2,1,"18.400000000000027","9.999999999999992e-21"
27,2,1,"18.450000000000028","9.999999999999992e-21"
27,2,1,"18.50000000000003","9.999999999999992e-21"
27,2,1,"18.55000000000003","1.0000000000005463e-20"
27,2,1,"18.60000000000003","4.59548486689026e-19"
27,2,1,"18.65000000000003","1.9210014338209327e-16"
27,2,1,"18.70000000000003","4.4922342139882684e-14"
27,2,1,"18.750000000000032","6.142840038776215e-12"
27,2,1,"18.800000000000033","5.208011099666424e-10"
27,2,1,"18.850000000000033","2.8951540966287883e-08"
27,2,1,"18.900000000000034","1.0936908019861007e-06"
27,2,1,"18.950000000000035","2.8283225874190215e-05"
27,2,1,"19.000000000000036","0.000486438042978669"
27,2,1,"19.050000000000036","0.005313246369614971"
27,2,1,"19.100000000000037","0.03956751993458245"
27,2,1,"19.150000000000038","0.14323601111615128"
27,2,1,"19.20000000000004","0.2688156587153353"
27,2,1,"19.25000000000004","0.43716666485586336"
27,2,1,"19.30000000000004","0.5926115400210779"
27,2,1,"19.35000000000004","0.713876777956389"
27,2,1,"19.40000000000004","0.801368681125069"
27,2,1,"19.450000000000042","0.8623032027785644"
27,2,1,"19.500000000000043","0.9041529691209763"
27,2,1,"19.550000000000043","0.9328135191663515"
27,2,1,"19.600000000000044","0.9525023498523663"
27,2,1,"19.650000000000045","0.9661132523065958"
34002031,2,1,"0.2999999999999998","9.999999999999921e-21"
34002031,2,1,"0.3999999999999998","9.999999999999921e-21"
34002031,2,1,"0.4999999999999998","9.999999999999637e-21"
34002031,2,1,"0.5999999999999998","1.0000000000000063e-20"
34002031,2,1,"0.6999999999999997","1.0000000000000063e-20"
34002031,2,1,"0.7999999999999997","9.999999999999992e-21"
34002031,2,1,"0.8999999999999997","9.999999999999992e-21"
34002031,2,1,"0.9999999999999997","9.999999999999992e-21"
34002031,2,1,"1.0999999999999996","9.999999999999992e-21"
34002031,2,1,"1.1999999999999997","9.999999999999992e-21"
34002031,2,1,"1.2999999999999996","9.999999999999992e-21"
34002031,2,1,"1.3999999999999995","9.999999999999992e-21"
34002031,2,1,"1.4999999999999996","9.999999999999992e-21"
34002031,2,1,"1.5999999999999996","9.999999999999992e-21"
34002031,2,1,"1.6999999999999995","9.999999999999992e-21"
34002031,2,1,"1.7999999999999994","9.999999999999992e-21"
34002031,2,1,"1.8999999999999995","9.999999999999992e-21"
34002031,2,1,"1.9999999999999996","9.999999999999992e-21"
34002031,2,1,"2.0999999999999996","9.999999999999992e-21"
34002031,2,1,"2.1999999999999993","9.999999999999992e-21"
34002031,2,1,"2.3","9.999999999999992e-21"
34002031,2,1,"2.3499999999999996","9.999999999999992e-21"
34002031,2,1,"2.3999999999999995","9.999999999999992e-21"
34002031,2,1,"2.4499999999999993","9.999999999999992e-21"
34002031,2,1,"2.499999999999999","9.999999999999992e-21"
34002031,2,1,"2.549999999999999","9.999999999999992e-21"
34002031,2,1,"2.5999999999999988","9.999999999999992e-21"
34002031,2,1,"2.6499999999999986","9.999999999999992e-21"
34002031,2,1,"2.6999999999999984","9.999999999999992e-21"
34002031,2,1,"2.7499999999999982","9.999999999999992e-21"
34002031,2,1,"2.799999999999998","9.999999999999992e-21"
34002031,2,1,"2.849999999999998","9.999999999999992e-21"
34002031,2,1,"2.8999999999999977","9.999999999999992e-21"
34002031,2,1,"2.9499999999999975","9.999999999999992e-21"
34002031,2,1,"2.9999999999999973","9.999999999999992e-21"
34002031,2,1,"3.049999999999997","9.999999999999992e-21"
34002031,2,1,"3.099999999999997","9.999999999999992e-21"
34002031,2,1,"3.149999999999997","9.999999999999992e-21"
34002031,2,1,"3.1999999999999966","9.999999999999992e-21"
34002031,2,1,"3.2499999999999964","9.999999999999992e-21"
34002031,2,1,"3.2999999999999963","9.999999999999992e-21"
34002031,2,1,"3.349999999999996","9.999999999999992e-21"
34002031,2,1,"3.399999999999996","9.999999999999992e-21"
34002031,2,1,"3.4499999999999957","9.999999999999992e-21"
34002031,2,1,"3.4999999999999956","9.999999999999992e-21"
34002031,2,1,"3.5499999999999954","9.999999999999992e-21"
34002031,2,1,"3.599999999999995","9.999999999999992e-21"
34002031,2,1,"3.649999999999995","9.999999999999992e-21"
34002031,2,1,"3.699999999999995","9.999999999999992e-21"
34002031,2,1,"3.7499999999999947","9.999999999999992e-21"
34002031,2,1,"3.7999999999999945","9.999999999999992e-21"
34002031,2,1,"3.8499999999999943","9.999999999999992e-21"
34002031,2,1,"3.899999999999994","9.999999999999992e-21"
34002031,2,1,"3.949999999999994","9.999999999999992e-21"
34002031,2,1,"3.999999999999994","9.999999999999992e-21"
34002031,2,1,"4.049999999999994","9.999999999999992e-21"
34002031,2,1,"4.099999999999993","9.999999999999992e-21"
34002031,2,1,"4.149999999999993","9.999999999999992e-21"
34002031,2,1,"4.199999999999993","9.999999999999992e-21"
34002031,2,1,"4.249999999999993","9.999999999999992e-21"
34002031,2,1,"4.299999999999993","9.999999999999992e-21"
34002031,2,1,"4.3499999999999925","9.999999999999992e-21"
34002031,2,1,"4.399999999999992","9.999999999999992e-21"
34002031,2,1,"4.449999999999992","9.999999999999992e-21"
34002031,2,1,"4.499999999999992","9.999999999999992e-21"
34002031,2,1,"4.549999999999992","9.999999999999992e-21"
34002031,2,1,"4.599999999999992","9.999999999999992e-21"
34002031,2,1,"4.6499999999999915","9.999999999999992e-21"
34002031,2,1,"4.699999999999991","9.999999999999992e-21"
34002031,2,1,"4.749999999999991","9.999999999999992e-21"
34002031,2,1,"4.799999999999991","9.999999999999992e-21"
34002031,2,1,"4.849999999999991","0.005094031750667349"
34002031,2,1,"4.899999999999991","0.11259618314503295"
34002031,2,1,"4.94999999999999","0.3178469771857381"
34002031,2,1,"4.99999999999999","0.5148061006744754"
34002031,2,1,"5.04999999999999","0.6656447685856928"
34002031,2,1,"5.09999999999999","0.7717090759238469"
34002031,2,1,"5.14999999999999","0.8438899042247747"
34002031,2,1,"5.1999999999999895","0.8925285246899073"
34002031,2,1,"5.249999999999989","0.9253314815822951"
34002031,2,1,"5.299999999999989","0.9475902230591661"
717,2,1,"17.8","9.999999999999921e-21"
717,2,1,"17.900000000000002","9.999999999999921e-21"
717,2,1,"18.000000000000004","9.999999999999921e-21"
717,2,1,"18.100000000000005","1.0000000000000063e-20"
717,2,1,"18.200000000000006","9.999999999999921e-21"
717,2,1,"18.300000000000008","9.999999999999992e-21"
717,2,1,"18.40000000000001","9.999999999999992e-21"
717,2,1,"18.50000000000001","9.999999999999992e-21"
717,2,1,"18.600000000000012","9.999999999999992e-21"
717,2,1,"18.700000000000014","9.999999999999992e-21"
717,2,1,"18.800000000000015","9.999999999999992e-21"
717,2,1,"18.900000000000016","9.999999999999992e-21"
717,2,1,"19.000000000000018","9.999999999999992e-21"
717,2,1,"19.10000000000002","9.999999999999992e-21"
717,2,1,"19.20000000000002","9.999999999999992e-21"
717,2,1,"19.300000000000022","9.999999999999992e-21"
717,2,1,"19.400000000000023","9.999999999999992e-21"
717,2,1,"19.500000000000025","9.999999999999992e-21"
717,2,1,"19.600000000000026","9.999999999999992e-21"
717,2,1,"19.700000000000028","9.999999999999992e-21"
717,2,1,"19.8","9.999999999999992e-21"
717,2,1,"19.85","9.999999999999992e-21"
717,2,1,"19.900000000000002","9.999999999999992e-21"
717,2,1,"19.950000000000003","9.999999999999992e-21"
717,2,1,"20.000000000000004","9.999999999999992e-21"
717,2,1,"20.050000000000004","9.999999999999992e-21"
717,2,1,"20.100000000000005","9.999999999999992e-21"
717,2,1,"20.150000000000006","9.999999999999992e-21"
717,2,1,"20.200000000000006","9.999999999999992e-21"
717,2,1,"20.250000000000007","9.999999999999992e-21"
717,2,1,"20.300000000000008","9.999999999999992e-21"
717,2,1,"20.35000000000001","9.999999999999992e-21"
717,2,1,"20.40000000000001","9.999999999999992e-21"
717,2,1,"20.45000000000001","9.999999999999992e-21"
717,2,1,"20.50000000000001","9.999999999999992e-21"
717,2,1,"20.55000000000001","9.999999999999992e-21"
717,2,1,"20.600000000000012","9.999999999999992e-21"
717,2,1,"20.650000000000013","9.999999999999992e-21"
717,2,1,"20.700000000000014","9.999999999999992e-21"
717,2,1,"20.750000000000014","9.999999999999992e-21"
717,2,1,"20.800000000000015","9.999999999999992e-21"
717,2,1,"20.850000000000016","9.999999999999992e-21"
717,2,1,"20.900000000000016","9.999999999999992e-21"
717,2,1,"20.950000000000017","9.999999999999992e-21"
717,2,1,"21.000000000000018","9.999999999999992e-21"
717,2,1,"21.05000000000002","9.999999999999992e-21"
717,2,1,"21.10000000000002","9.999999999999992e-21"
717,2,1,"21.15000000000002","9.999999999999992e-21"
717,2,1,"21.20000000000002","9.999999999999992e-21"
717,2,1,"21.25000000000002","9.999999999999992e-21"
717,2,1,"21.300000000000022","9.999999999999992e-21"
717,2,1,"21.350000000000023","9.999999999999992e-21"
717,2,1,"21.400000000000023","9.999999999999992e-21"
717,2,1,"21.450000000000024","9.999999999999992e-21"
717,2,1,"21.500000000000025","9.999999999999992e-21"
717,2,1,"21.550000000000026","1.0000000000001981e-20"
717,2,1,"21.600000000000026","3.9777451466083285e-20"
