failuremechanism_id,measure_id,hydraulicload,failure_probability
2,0,11.15,0.0
2,0,11.25,0.0
2,0,11.35,4.636286154183976e-257
2,0,11.45,1.766899395221747e-178
2,0,11.549999999999999,1.5058609916918617e-126
2,0,11.649999999999999,9.607639684078955e-102
2,0,11.749999999999998,9.445745667721344e-85
2,0,11.849999999999998,1.716731708683095e-71
2,0,11.949999999999998,4.709704180833941e-61
2,0,12.049999999999997,8.362037095865654e-53
2,0,12.149999999999997,2.8454317921286933e-46
2,0,12.249999999999996,4.411659340090942e-41
2,0,12.349999999999996,6.4893611936608096e-37
2,0,12.449999999999996,1.7036036006750642e-33
2,0,12.549999999999995,1.3396658836559223e-30
2,0,12.649999999999995,4.62607100692888e-28
2,0,12.749999999999995,9.000604267721224e-26
2,0,12.849999999999994,1.0466037129348652e-23
2,0,12.949999999999994,1.0162014090675544e-21
2,0,13.049999999999994,6.205303968919257e-20
2,0,13.15,3.2719575306939218e-18
2,0,13.200000000000001,2.0736781628715024e-17
2,0,13.250000000000002,1.2313764562594113e-16
2,0,13.300000000000002,6.863357645795378e-16
2,0,13.350000000000003,3.5971666861592136e-15
2,0,13.400000000000004,1.7760854062543198e-14
2,0,13.450000000000005,8.277135062511517e-14
2,0,13.500000000000005,3.648573149085551e-13
2,0,13.550000000000006,1.5241601405606944e-12
2,0,13.600000000000007,6.0479233213562705e-12
2,0,13.650000000000007,2.2847997983577248e-11
2,0,13.700000000000008,8.237760337284354e-11
2,0,13.750000000000009,2.840929452403907e-10
2,0,13.80000000000001,9.394227854250372e-10
2,0,13.85000000000001,2.9856676481226294e-09
2,0,13.900000000000011,9.139556266677635e-09
2,0,13.950000000000012,2.700760826737759e-08
2,0,14.000000000000012,7.718966545408274e-08
2,0,14.050000000000013,2.1379468460764302e-07
2,0,14.100000000000014,5.747919890389261e-07
2,0,14.150000000000015,1.502445355035609e-06
2,0,14.200000000000015,3.823065845344918e-06
2,0,14.250000000000016,9.48103581482638e-06
2,0,14.300000000000017,2.293401127246688e-05
2,0,14.350000000000017,5.414469756901849e-05
2,0,14.400000000000018,0.0001247913535097299
2,0,14.450000000000019,0.0002807720585821533
2,0,14.50000000000002,0.0006164118934677057
2,0,14.55000000000002,0.0013194154873481943
2,0,14.600000000000021,0.0027488955939458546
2,0,14.650000000000022,0.0055688153020766
2,0,14.700000000000022,0.010948741148060668
2,0,14.750000000000023,0.02083971581634065
2,0,14.800000000000024,0.03828239037394312
2,0,14.850000000000025,0.06761030211092164
2,0,14.900000000000025,0.11426783258644413
2,0,14.950000000000026,0.18402452870786348
2,0,15.000000000000027,0.28040224180686957
2,0,15.050000000000027,0.4021687225204282
2,0,15.100000000000028,0.5410540601007088
2,0,15.150000000000029,0.6282357429947742
2,0,15.20000000000003,0.649507535962996
2,0,15.25000000000003,0.7081958067017611
2,0,15.300000000000031,0.7780003521871629
2,0,15.350000000000032,0.8365773363427355
2,0,15.400000000000032,0.8811279093045458
2,0,15.450000000000033,0.9138966530346447
2,0,15.500000000000034,0.9376168281808726
2,0,15.550000000000034,0.9546659126780931
2,0,15.600000000000035,0.9668998442909174
2,0,15.650000000000036,0.9756935133203785
2,0,15.700000000000037,0.9820383127762798
2,0,15.750000000000037,0.9866394261717399
2,0,15.800000000000038,0.9901011430986957
2,0,15.850000000000039,0.9925401628636058
2,0,15.90000000000004,0.9943414139840421
2,0,15.95000000000004,0.9956803442202594
2,0,16.000000000000043,0.9966820590443951
2,0,16.05000000000004,0.9974362541062566
2,0,16.100000000000044,0.9980076141353106
2,1,10.65,0.0
2,1,10.75,0.0
2,1,10.85,0.0
2,1,10.95,0.0
2,1,11.049999999999999,0.0
2,1,11.149999999999999,0.0
2,1,11.249999999999998,4.482346399846413e-300
2,1,11.349999999999998,3.618434742754707e-195
2,1,11.449999999999998,3.250254622766695e-134
2,1,11.549999999999997,8.005856390396763e-95
2,1,11.649999999999997,1.9781525879786968e-75
2,1,11.749999999999996,2.451183083366306e-62
2,1,11.849999999999996,3.6234234298913e-52
2,1,11.949999999999996,3.495921086852757e-44
2,1,12.049999999999995,6.953079186597631e-38
2,1,12.149999999999995,6.653405897710133e-33
2,1,12.249999999999995,6.02887790896168e-29
2,1,12.349999999999994,9.140414798879904e-26
2,1,12.449999999999994,3.75144199526077e-23
2,1,12.549999999999994,6.128303424382293e-21
2,1,12.65,5.267620357512868e-19
2,1,12.700000000000001,4.0737539058624086e-18
2,1,12.750000000000002,2.851659752188059e-17
2,1,12.800000000000002,1.8266307626420853e-16
2,1,12.850000000000003,1.0258060877140666e-15
2,1,12.900000000000004,5.646690423552841e-15
2,1,12.950000000000005,3.03672596032772e-14
2,1,13.000000000000005,1.4578290603229892e-13
2,1,13.050000000000006,6.325912781639735e-13
2,1,13.100000000000007,2.8022564298289687e-12
2,1,13.150000000000007,1.129068521965706e-11
2,1,13.200000000000008,4.317114903829398e-11
2,1,13.250000000000009,1.5710076822282574e-10
2,1,13.30000000000001,5.456252990786247e-10
2,1,13.35000000000001,1.8135279881708782e-09
2,1,13.400000000000011,5.783653243754518e-09
2,1,13.450000000000012,1.7742175319706624e-08
2,1,13.500000000000012,5.247744978242003e-08
2,1,13.550000000000013,1.4996909299210846e-07
2,1,13.600000000000014,4.149357554523982e-07
2,1,13.650000000000015,1.1134960865081279e-06
2,1,13.700000000000015,2.9028342138293976e-06
2,1,13.750000000000016,7.360906644051409e-06
2,1,13.800000000000017,1.8175843618806564e-05
2,1,13.850000000000017,4.3738113221549886e-05
2,1,13.900000000000018,0.00010261439768649574
2,1,13.950000000000019,0.00023475148499136497
2,1,14.00000000000002,0.000523520327803261
2,1,14.05000000000002,0.0011374065891539492
2,1,14.100000000000021,0.0024042409581224275
2,1,14.150000000000022,0.004937546562532612
2,1,14.200000000000022,0.009836772725504643
2,1,14.250000000000023,0.018966464491128567
2,1,14.300000000000024,0.035285070642842004
2,1,14.350000000000025,0.06309556300624898
2,1,14.400000000000025,0.10793615390080188
2,1,14.450000000000026,0.17570669570003433
2,1,14.500000000000027,0.2706877643579379
2,1,14.550000000000027,0.3920972657612813
2,1,14.600000000000028,0.5322905660532388
2,1,14.650000000000029,0.6198604361558819
2,1,14.70000000000003,0.6370428319777819
2,1,14.75000000000003,0.6925445185846058
2,1,14.800000000000031,0.7657599392607964
2,1,14.850000000000032,0.8282120968907324
2,1,14.900000000000032,0.8755454921865998
2,1,14.950000000000033,0.910224351371638
2,1,15.000000000000034,0.9351757603045724
2,1,15.050000000000034,0.9530354743729815
2,1,15.100000000000035,0.9657928563247736
2,1,15.150000000000036,0.9749428787554553
2,1,15.200000000000037,0.9815248432964585
2,1,15.250000000000037,0.98628311323363
2,1,15.300000000000038,0.9897455659233391
2,1,15.350000000000039,0.992281887779771
2,1,15.40000000000004,0.9941521462262474
2,1,15.45000000000004,0.9955404584341593
2,1,15.50000000000004,0.9965778243134257
2,1,15.550000000000042,0.9973579765012772
2,1,15.600000000000042,0.9979483907558452
2,2,10.65,1.9781525879808467e-75
2,2,10.75,2.451183083368322e-62
2,2,10.85,3.623423429893678e-52
2,2,10.95,3.495921086854543e-44
2,2,11.049999999999999,6.953079186600492e-38
2,2,11.149999999999999,6.653405897712342e-33
2,2,11.249999999999998,6.02887790896324e-29
2,2,11.349999999999998,9.140414798881847e-26
2,2,11.449999999999998,3.751441995261439e-23
2,2,11.549999999999997,6.128303424383276e-21
2,2,11.649999999999997,5.267620357511995e-19
2,2,11.749999999999996,2.851659752187449e-17
2,2,11.849999999999996,1.0258060877138098e-15
2,2,11.949999999999996,3.0367259603268183e-14
2,2,12.049999999999995,6.325912781637756e-13
2,2,12.149999999999995,1.129068521965311e-11
2,2,12.249999999999995,1.5710076822276833e-10
2,2,12.349999999999994,1.8135279881701844e-09
2,2,12.449999999999994,1.7742175319699537e-08
2,2,12.549999999999994,1.49969092992047e-07
2,2,12.65,1.1134960865078155e-06
2,2,12.700000000000001,2.902834213828606e-06
2,2,12.750000000000002,7.360906644049462e-06
2,2,12.800000000000002,1.8175843618801896e-05
2,2,12.850000000000003,4.3738113221539044e-05
2,2,12.900000000000004,0.00010261439768647089
2,2,12.950000000000005,0.00023475148499130962
2,2,13.000000000000005,0.0005235203278031417
2,2,13.050000000000006,0.0011374065891536977
2,2,13.100000000000007,0.0024042409581219184
2,2,13.150000000000007,0.004937546562531599
2,2,13.200000000000008,0.009836772725502724
2,2,13.250000000000009,0.018966464491125032
2,2,13.30000000000001,0.03528507064283576
2,2,13.35000000000001,0.06309556300623857
2,2,13.400000000000011,0.10793615390078547
2,2,13.450000000000012,0.17570669570001
2,2,13.500000000000012,0.27068776435790465
2,2,13.550000000000013,0.39209726576124004
2,2,13.600000000000014,0.5322905660531925
2,2,13.650000000000015,0.6198604361558551
2,2,13.700000000000015,0.6370428319777769
2,2,13.750000000000016,0.6925445185845893
2,2,13.800000000000017,0.7657599392607746
2,2,13.850000000000017,0.828212096890714
2,2,13.900000000000018,0.8755454921865861
2,2,13.950000000000019,0.9102243513716279
2,2,14.00000000000002,0.9351757603045652
2,2,14.05000000000002,0.9530354743729764
2,2,14.100000000000021,0.96579285632477
2,2,14.150000000000022,0.9749428787554526
2,2,14.200000000000022,0.9815248432964566
2,2,14.250000000000023,0.9862831132336287
2,2,14.300000000000024,0.9897455659233381
2,2,14.350000000000025,0.9922818877797702
2,2,14.400000000000025,0.9941521462262468
2,2,14.450000000000026,0.9955404584341588
2,2,14.500000000000027,0.9965778243134253
2,2,14.550000000000027,0.997357976501277
2,2,14.600000000000028,0.997948390755845
2,2,14.650000000000029,0.9985391545228249
2,2,14.70000000000003,0.9991302680091207
2,2,14.75000000000003,0.9997217314217585
2,2,14.800000000000031,1.0
2,2,14.850000000000032,1.0
2,2,14.900000000000032,1.0
2,2,14.950000000000033,1.0
2,2,15.000000000000034,1.0
2,2,15.050000000000034,1.0
2,2,15.100000000000035,1.0
2,2,15.150000000000036,1.0
2,2,15.200000000000037,1.0
2,2,15.250000000000037,1.0
2,2,15.300000000000038,1.0
2,2,15.350000000000039,1.0
2,2,15.40000000000004,1.0
2,2,15.45000000000004,1.0
2,2,15.50000000000004,1.0
2,2,15.550000000000042,1.0
2,2,15.600000000000042,1.01
2,3,10.65,0.0
2,3,10.75,0.0
2,3,10.85,0.0
2,3,10.95,0.0
2,3,11.049999999999999,0.0
2,3,11.149999999999999,0.0
2,3,11.249999999999998,0.0
2,3,11.349999999999998,0.0
2,3,11.449999999999998,0.0
2,3,11.549999999999997,0.0
2,3,11.649999999999997,0.0
2,3,11.749999999999996,0.0
2,3,11.849999999999996,3.618434742753844e-195
2,3,11.949999999999996,3.2502546227585727e-134
2,3,12.049999999999995,8.005856390383773e-95
2,3,12.149999999999995,1.9781525879771924e-75
2,3,12.249999999999995,2.451183083364978e-62
2,3,12.349999999999994,3.623423429889816e-52
2,3,12.449999999999994,3.495921086851612e-44
2,3,12.549999999999994,6.953079186595848e-38
2,3,12.65,6.653405897713382e-33
2,3,12.700000000000001,6.333448652677728e-31
2,3,12.750000000000002,6.028877908964868e-29
2,3,12.800000000000002,2.3474761949757492e-27
2,3,12.850000000000003,9.140414798884835e-26
2,3,12.900000000000004,1.8517487931860806e-24
2,3,12.950000000000005,3.7514419952628247e-23
2,3,13.000000000000005,4.794786212747674e-22
2,3,13.050000000000006,6.128303424385628e-21
2,3,13.100000000000007,5.681687766440555e-20
2,3,13.150000000000007,5.26762035751439e-19
2,3,13.200000000000008,4.073753905863542e-18
2,3,13.250000000000009,2.851659752188807e-17
2,3,13.30000000000001,1.826630762642536e-16
2,3,13.35000000000001,1.0258060877143127e-15
2,3,13.400000000000011,5.646690423554164e-15
2,3,13.450000000000012,3.036725960328404e-14
2,3,13.500000000000012,1.457829060323287e-13
2,3,13.550000000000013,6.325912781641082e-13
2,3,13.600000000000014,2.8022564298295216e-12
2,3,13.650000000000015,1.1290685219659167e-11
2,3,13.700000000000015,4.317114903830189e-11
2,3,13.750000000000016,1.5710076822285374e-10
2,3,13.800000000000017,5.456252990787182e-10
2,3,13.850000000000017,1.8135279881711766e-09
2,3,13.900000000000018,5.783653243755434e-09
2,3,13.950000000000019,1.7742175319709304e-08
2,3,14.00000000000002,5.2477449782427847e-08
2,3,14.05000000000002,1.4996909299213012e-07
2,3,14.100000000000021,4.1493575545245645e-07
2,3,14.150000000000022,1.1134960865082805e-06
2,3,14.200000000000022,2.9028342138297767e-06
2,3,14.250000000000023,7.3609066440523645e-06
2,3,14.300000000000024,1.8175843618808834e-05
2,3,14.350000000000025,4.3738113221555206e-05
2,3,14.400000000000025,0.00010261439768650771
2,3,14.450000000000026,0.00023475148499139218
2,3,14.500000000000027,0.0005235203278033184
2,3,14.550000000000027,0.0011374065891540707
2,3,14.600000000000028,0.0024042409581226743
2,3,14.650000000000029,0.004937546562533098
2,3,14.70000000000003,0.009836772725505564
2,3,14.75000000000003,0.018966464491130243
2,3,14.800000000000031,0.03528507064284491
2,3,14.850000000000032,0.06309556300625381
2,3,14.900000000000032,0.10793615390080938
2,3,14.950000000000033,0.17570669570004516
2,3,15.000000000000034,0.2706877643579521
2,3,15.050000000000034,0.39209726576129833
2,3,15.100000000000035,0.5322905660532503
2,3,15.150000000000036,0.6198604361558844
2,3,15.200000000000037,0.6370428319777894
2,3,15.250000000000037,0.6925445185846156
2,3,15.300000000000038,0.765759939260805
2,3,15.350000000000039,0.8282120968907389
2,3,15.40000000000004,0.8755454921866046
2,3,15.45000000000004,0.9102243513716416
2,3,15.50000000000004,0.9351757603045749
2,3,15.550000000000042,0.9530354743729833
2,3,15.600000000000042,0.965792856324775
3,0,0.0,1.9555376830502523e-32
3,0,0.1,1.0200851829743806e-31
3,0,0.2,5.351750929379259e-31
3,0,0.3,2.820483817596076e-30
3,0,0.4,1.4912633834011448e-29
3,0,0.5,7.898600868065267e-29
3,0,0.600,4.183927719150752e-28
3,0,0.700,2.2122596799035065e-27
3,0,0.8,1.1651936789043875e-26
3,0,0.9,6.099421564540798e-26
3,0,1.0,3.168289213741792e-25
3,0,1.1,1.9184780879605409e-25
3,0,1.200,8.164568256051298e-24
3,0,1.3,4.0733632046727386e-23
3,0,1.4,1.9953389731425568e-22
3,0,1.5,9.575108924412659e-22
3,0,1.6,4.491820039233179e-21
3,0,1.700,2.0570786199385546e-20
3,0,1.8,9.170434881283653e-20
3,0,1.9,3.9758398984467797e-19
3,0,2.0,1.6742794102841394e-18
3,0,2.1,5.6319627453492634e-18
3,0,2.2,2.2890844112484094e-17
3,0,2.30,8.983629506532415e-17
3,0,2.400,3.2980715135205577e-16
3,0,2.5,1.2113691389888438e-15
3,0,2.6,4.292605304105631e-15
3,0,2.7,1.4678968620234632e-14
3,0,2.80,4.8455351664967385e-14
3,0,2.900,1.5446666699861478e-13
3,0,3.0,4.757495866564804e-13
3,0,3.1,1.4164476126868749e-12
3,0,3.2,4.119716010194322e-12
3,0,3.30,1.1465271240023918e-11
3,0,3.400,3.09068970146832e-11
3,0,3.5,8.07525914306724e-11
3,0,3.6,2.046316290627658e-10
3,0,3.7,5.032646562791767e-10
3,0,3.8,1.1921046829583482e-09
3,0,3.9,2.793607170321646e-09
3,0,4.0,6.294907174398562e-09
3,0,4.100,1.3832262112340494e-08
3,0,4.2,2.9600231811612128e-08
3,0,4.3,6.172988143588825e-08
3,0,4.4,1.2527097462561713e-07
3,0,4.5,2.48702531338555e-07
3,0,4.600,4.821334089661067e-07
3,0,4.7,9.132696569846686e-07
3,0,4.80,1.6914438762267996e-06
3,0,4.9,3.069324495567729e-06
3,0,5.0,5.443490234521939e-06
3,0,5.100,9.457253169038003e-06
3,0,5.2,1.685601249879258e-05
3,0,5.30,2.685411892021116e-05
3,0,5.4,4.402368172482459e-05
3,0,5.5,7.085716799753012e-05
3,0,5.600,0.00011210144393048924
3,0,5.7,0.00017418254688314147
3,0,5.80,0.00026614245756543815
3,0,5.9,0.00039978599657937566
3,0,6.0,0.00059165580930264
3,0,6.100,0.000862275277969232
3,0,6.2,0.0012381071863207223
3,0,6.30,0.0017529762004465106
3,0,6.4,0.0024463451838711413
3,0,6.5,0.0033679405681161854
3,0,6.600,0.004576097385278122
3,0,6.7,0.00618744196393605
3,0,6.80,0.00818742491283315
3,0,6.9,0.010706838469277941
3,0,7.0,0.01384214000522407
3,0,7.100,0.01769784600282911
3,0,7.2,0.022384983580172883
3,0,7.30,0.028019045457301533
3,0,7.4,0.03471747705923082
3,0,7.5,0.04259675394762975
3,0,7.6,0.051769136229114804
3,0,7.7,0.06233921190187035
3,0,7.80,0.0744003610944413
3,0,7.9,0.08803128642466508
3,0,8.0,0.10329275979484424
3,0,8.1,0.12022473242922907
3,0,8.20,0.13884394296536215
3,0,8.3,0.1591421383909723
3,0,8.4,0.18108499613224577
3,0,8.5,0.20461180414477603
3,0,8.6,0.229635921567244
3,0,8.70,0.2560460074677168
3,0,8.8,0.2837079715742157
3,0,8.9,0.31246757058787533
3,0,9.0,0.34453104178391625
3,0,9.1,0.37401465984871607
3,0,9.2,0.40425461155954806
3,0,9.3,0.4350779711223905
3,0,9.4,0.4663011713528153
3,0,9.5,0.49773327285958974
3,0,9.6,0.5291794593031267
3,0,9.7,0.5604446523252862
3,0,9.8,0.5913371345861598
3,0,9.9,0.621672068993029
3,0,10.0,0.647661206259678
3,0,10.1,0.675116648999166
3,0,10.2,0.7014461162696654
3,0,10.3,0.7265650728125311
3,0,10.4,0.7504081096259773
3,0,10.5,0.7729284485261732
3,0,10.6,0.7940970902604505
3,0,10.7,0.8139016676053302
3,0,10.8,0.8323450668576933
3,0,10.9,0.8494438805652622
3,0,11.0,0.8652267514975803
3,0,11.1,0.8797326632577679
3,0,11.2,0.8930092271165958
3,0,11.3,0.905111007812644
3,0,11.4,0.9160979238962152
3,0,11.5,0.9260337508772687
3,0,11.6,0.9349847482848649
3,0,11.7,0.9430184250777625
3,0,11.8,0.9502024517784072
3,0,11.9,0.9566037223446234
3,0,12.0,0.9622875642336003
3,0,12.1,0.9673170914226837
3,0,12.2,0.9717526922423432
3,0,12.3,0.9756516416178761
3,0,12.4,0.9789228586807449
3,0,12.5,0.981908328835362
3,0,12.6,0.9845089677549568
3,0,12.7,0.9867676910041768
3,0,12.8,0.9887237874987067
3,0,12.9,0.9904130212421809
3,0,13.0,0.9918677722966345
3,0,13.1,0.993117207210833
3,0,13.2,0.9941874702574576
3,0,13.3,0.9951018879837723
3,0,13.4,0.9958811806978602
3,0,13.5,0.9965436755858287
3,0,13.6,0.9971055171502542
3,0,13.7,0.9975808715662061
3,0,13.8,0.997982122360138
3,0,13.9,0.9983200555259799
3,0,14.0,0.9986040328015104
3,0,14.1,0.9988421523415222
3,0,14.2,0.9990413964480307
3,0,14.3,0.9992077663606165
3,0,14.4,0.9993464043777348
3,0,14.5,0.9994617037850443
3,0,14.6,0.999557407215087
3,0,14.7,0.9996366941636868
3,0,14.8,0.999702258450947
3,0,14.9,0.9997563764449122
3,0,15.0,0.9998009668702548
3,0,15.1,0.999837643009666
3,0,15.2,0.9998674102932342
3,0,15.3,0.9998921454495107
3,0,15.4,0.9999123913101663
3,0,15.5,0.9999289362237042
3,0,15.6,0.9999424356147487
3,0,15.7,0.9999534332595557
3,0,15.8,0.9999623793881104
3,0,15.9,0.9999696460391357
3,0,16.0,0.9999755400466492
3,0,16.1,0.9999803139923098
3,0,16.2,0.9999841754170025
3,0,16.3,0.9999872945479448
3,0,16.40,0.9999898107640575
3,0,16.5,0.9999918379923335
3,0,16.6,0.9999934692012497
3,0,16.7,0.9999947801336924
3,0,16.8,0.9999958324012048
3,0,16.90,0.9999966760432805
3,0,17.0,0.9999973516397592
3,0,17.1,0.9999978920508212
3,0,17.2,0.9999983238474
3,0,17.3,0.9999986711802882
3,0,17.40,0.9999989454905055
3,0,17.5,0.9999991639536433
3,0,17.6,0.9999993377621926
3,0,17.7,0.999999475905631
3,0,17.8,0.9999995855950484
3,0,17.90,0.999999672607927
3,0,18.0,0.9999997415676477
3,0,18.1,0.9999997961697341
3,0,18.2,0.9999998393647095
3,0,18.3,0.9999998735056719
3,0,18.4,0.999999900467228
3,0,18.5,0.9999999217412094
3,0,18.6,0.9999999385136022
3,0,18.7,0.9999999517262957
3,0,18.8,0.9999999621265815
3,0,18.9,0.9999999703067851
3,0,19.0,0.999999976735958
3,0,19.1,0.9999999817851896
3,0,19.2,0.9999999857478021
3,0,19.3,0.9999999888554433
3,0,19.4,0.999999991290896
3,0,19.5,0.9999999931982648
3,0,19.6,0.9999999946910667
3,0,19.7,0.9999999958586516
3,0,19.8,0.9999999967712923
3,0,19.9,0.9999999974842144
3,0,20.0,0.9999999980407865
3,1,0.0,7.898600868065304e-29
3,1,0.1,4.1839277191507585e-28
3,1,0.2,2.212259679903512e-27
3,1,0.3,1.1651936789043866e-26
3,1,0.4,6.099421564540783e-26
3,1,0.5,3.168289213741789e-25
3,1,0.600,3.168289213741789e-25
3,1,0.700,8.164568256051256e-24
3,1,0.8,4.073363204672729e-23
3,1,0.9,1.9953389731425594e-22
3,1,1.0,9.575108924412681e-22
3,1,1.1,4.491820039233172e-21
3,1,1.200,2.0570786199385537e-20
3,1,1.3,9.170434881283623e-20
3,1,1.4,3.9758398984467667e-19
3,1,1.5,1.6742794102841454e-18
3,1,1.6,5.631962745349273e-18
3,1,1.700,2.2890844112484032e-17
3,1,1.8,8.9836295065324e-17
3,1,1.9,3.2980715135205434e-16
3,1,2.0,1.2113691389888416e-15
3,1,2.1,4.292605304105633e-15
3,1,2.2,1.4678968620234623e-14
3,1,2.30,4.8455351664967416e-14
3,1,2.400,1.5446666699861499e-13
3,1,2.5,4.75749586656481e-13
3,1,2.6,1.4164476126868743e-12
3,1,2.7,4.1197160101943284e-12
3,1,2.80,1.1465271240023899e-11
3,1,2.900,3.090689701468319e-11
3,1,3.0,8.075259143067251e-11
3,1,3.1,2.046316290627655e-10
3,1,3.2,5.032646562791768e-10
3,1,3.30,1.1921046829583532e-09
3,1,3.400,2.793607170321654e-09
3,1,3.5,6.2949071743985546e-09
3,1,3.6,1.3832262112340451e-08
3,1,3.7,2.9600231811612178e-08
3,1,3.8,6.172988143588815e-08
3,1,3.9,1.2527097462561676e-07
3,1,4.0,2.4870253133855496e-07
3,1,4.100,4.821334089661069e-07
3,1,4.2,9.13269656984669e-07
3,1,4.3,1.6914438762267883e-06
3,1,4.4,3.0693244955677315e-06
3,1,4.5,5.443490234521943e-06
3,1,4.600,9.457253169038011e-06
3,1,4.7,1.685601249879259e-05
3,1,4.80,2.6854118920211143e-05
3,1,4.9,4.402368172482459e-05
3,1,5.0,7.085716799753013e-05
3,1,5.100,0.00011210144393040007
3,1,5.2,0.0001741825468830999
3,1,5.30,0.0002661424575654
3,1,5.4,0.0003997859965792999
3,1,5.5,0.0005916558093025999
3,1,5.600,0.0008622752779691998
3,1,5.7,0.0012381071863207002
3,1,5.80,0.0017529762004465002
3,1,5.9,0.0024463451838711
3,1,6.0,0.0033679405681161
3,1,6.100,0.004576097385278099
3,1,6.2,0.006187441963936001
3,1,6.30,0.008187424912833103
3,1,6.4,0.010706838469277903
3,1,6.5,0.013842140005223994
3,1,6.600,0.017697846002829098
3,1,6.7,0.022384983580172803
3,1,6.80,0.028019045457301505
3,1,6.9,0.0347174770592308
3,1,7.0,0.042596753947629705
3,1,7.100,0.051769136229114866
3,1,7.2,0.0623392119018703
3,1,7.30,0.07440036109444129
3,1,7.4,0.08803128642466498
3,1,7.5,0.10329275979484423
3,1,7.6,0.12022473242922899
3,1,7.7,0.1388439429653619
3,1,7.80,0.1591421383909723
3,1,7.9,0.1810849961322457
3,1,8.0,0.204611804144776
3,1,8.1,0.229635921567244
3,1,8.20,0.2560460074677168
3,1,8.3,0.28370797157421573
3,1,8.4,0.3124675705878753
3,1,8.5,0.3445310417839162
3,1,8.6,0.374014659848716
3,1,8.70,0.40425461155954856
3,1,8.8,0.4350779711223905
3,1,8.9,0.4663011713528153
3,1,9.0,0.4977332728595897
3,1,9.1,0.5291794593031267
3,1,9.2,0.5604446523252862
3,1,9.3,0.5913371345861598
3,1,9.4,0.621672068993029
3,1,9.5,0.647661206259678
3,1,9.6,0.675116648999166
3,1,9.7,0.7014461162696654
3,1,9.8,0.7265650728125311
3,1,9.9,0.7504081096259773
3,1,10.0,0.7729284485261732
3,1,10.1,0.7940970902604505
3,1,10.2,0.8139016676053302
3,1,10.3,0.8323450668576933
3,1,10.4,0.8494438805652622
3,1,10.5,0.8652267514975803
3,1,10.6,0.8797326632577679
3,1,10.7,0.8930092271165958
3,1,10.8,0.905111007812644
3,1,10.9,0.9160979238962152
3,1,11.0,0.9260337508772688
3,1,11.1,0.9349847482848648
3,1,11.2,0.9430184250777623
3,1,11.3,0.9502024517784072
3,1,11.4,0.9566037223446234
3,1,11.5,0.9622875642336004
3,1,11.6,0.9673170914226836
3,1,11.7,0.9717526922423432
3,1,11.8,0.975651641617876
3,1,11.9,0.9789228586807448
3,1,12.0,0.981908328835362
3,1,12.1,0.9845089677549568
3,1,12.2,0.9867676910041768
3,1,12.3,0.9887237874987068
3,1,12.4,0.9904130212421808
3,1,12.5,0.9918677722966344
3,1,12.6,0.993117207210833
3,1,12.7,0.9941874702574576
3,1,12.8,0.9951018879837724
3,1,12.9,0.9958811806978602
3,1,13.0,0.9965436755858288
3,1,13.1,0.9971055171502542
3,1,13.2,0.997580871566206
3,1,13.3,0.997982122360138
3,1,13.4,0.99832005552598
3,1,13.5,0.9986040328015104
3,1,13.6,0.9988421523415222
3,1,13.7,0.9990413964480308
3,1,13.8,0.9992077663606164
3,1,13.9,0.9993464043777348
3,1,14.0,0.9994617037850444
3,1,14.1,0.999557407215087
3,1,14.2,0.9996366941636868
3,1,14.3,0.999702258450947
3,1,14.4,0.9997563764449122
3,1,14.5,0.9998009668702548
3,1,14.6,0.999837643009666
3,1,14.7,0.9998674102932342
3,1,14.8,0.9998921454495108
3,1,14.9,0.9999123913101664
3,1,15.0,0.9999289362237042
3,1,15.1,0.9999424356147488
3,1,15.2,0.9999534332595555
3,1,15.3,0.9999623793881104
3,1,15.4,0.9999696460391356
3,1,15.5,0.9999755400466492
3,1,15.6,0.9999803139923098
3,1,15.7,0.9999841754170024
3,1,15.8,0.9999872945479448
3,1,15.9,0.9999898107640576
3,1,16.0,0.9999918379923336
3,1,16.1,0.9999934692012497
3,1,16.2,0.9999947801336924
3,1,16.3,0.9999958324012048
3,1,16.40,0.9999966760432804
3,1,16.5,0.9999973516397592
3,1,16.6,0.9999978920508212
3,1,16.7,0.9999983238474
3,1,16.8,0.9999986711802882
3,1,16.90,0.9999989454905056
3,1,17.0,0.9999991639536432
3,1,17.1,0.9999993377621926
3,1,17.2,0.999999475905631
3,1,17.3,0.9999995855950484
3,1,17.40,0.999999672607927
3,1,17.5,0.9999997415676476
3,1,17.6,0.999999796169734
3,1,17.7,0.9999998393647096
3,1,17.8,0.999999873505672
3,1,17.90,0.999999900467228
3,1,18.0,0.9999999217412094
3,1,18.1,0.9999999385136022
3,1,18.2,0.9999999517262956
3,1,18.3,0.9999999621265816
3,1,18.4,0.9999999703067852
3,1,18.5,0.999999976735958
3,1,18.6,0.9999999817851896
3,1,18.7,0.9999999857478019
3,1,18.8,0.9999999888554431
3,1,18.9,0.999999991290896
3,1,19.0,0.9999999931982648
3,1,19.1,0.9999999946910668
3,1,19.2,0.9999999958586516
3,1,19.3,0.9999999967712924
3,1,19.4,0.9999999974842144
3,1,19.5,0.9999999980407864
3,1,19.6,0.9999999985973584
3,1,19.7,0.9999999991539305
3,1,19.8,0.9999999997105025
3,1,19.9,1.0
3,1,20.0,1.0
3,2,0.0,3.168289213741789e-25
3,2,0.1,3.1682892137418113e-25
3,2,0.2,8.164568256051256e-24
3,2,0.3,4.073363204672729e-23
3,2,0.4,1.9953389731425594e-22
3,2,0.5,9.575108924412681e-22
3,2,0.6,4.49182003923314e-21
3,2,0.7,2.0570786199385537e-20
3,2,0.8,9.170434881283623e-20
3,2,0.9,3.9758398984467947e-19
3,2,1.0,1.6742794102841454e-18
3,2,1.1,5.631962745349273e-18
3,2,1.2,2.2890844112484032e-17
3,2,1.3,8.9836295065324e-17
3,2,1.4,3.2980715135205434e-16
3,2,1.5,1.2113691389888416e-15
3,2,1.6,4.292605304105633e-15
3,2,1.7,1.467896862023457e-14
3,2,1.8,4.845535166496759e-14
3,2,1.9,1.5446666699861499e-13
3,2,2.0,4.75749586656481e-13
3,2,2.1,1.4164476126868743e-12
3,2,2.2,4.1197160101943284e-12
3,2,2.3,1.1465271240023899e-11
3,2,2.4,3.090689701468319e-11
3,2,2.5,8.075259143067251e-11
3,2,2.6,2.046316290627655e-10
3,2,2.7,5.032646562791768e-10
3,2,2.8,1.1921046829583532e-09
3,2,2.9,2.793607170321654e-09
3,2,3.0,6.2949071743985546e-09
3,2,3.1,1.3832262112340451e-08
3,2,3.2,2.9600231811612178e-08
3,2,3.3,6.172988143588815e-08
3,2,3.4,1.2527097462561676e-07
3,2,3.5,2.4870253133855496e-07
3,2,3.6,4.821334089661077e-07
3,2,3.7,9.13269656984669e-07
3,2,3.8,1.6914438762267883e-06
3,2,3.9,3.069324495567726e-06
3,2,4.0,5.443490234521943e-06
3,2,4.1,9.457253169038011e-06
3,2,4.2,1.685601249879259e-05
3,2,4.3,2.6854118920211143e-05
3,2,4.4,4.402368172482459e-05
3,2,4.5,7.085716799753013e-05
3,2,4.6,0.00011210144393040007
3,2,4.7,0.00017418254688299995
3,2,4.8,0.0002661424575654
3,2,4.9,0.0003997859965792002
3,2,5.0,0.0005916558093025001
3,2,5.1,0.0008622752779691002
3,2,5.2,0.0012381071863207002
3,2,5.3,0.0017529762004465002
3,2,5.4,0.0024463451838711
3,2,5.5,0.0033679405681161
3,2,5.6,0.004576097385278001
3,2,5.7,0.006187441963936001
3,2,5.8,0.008187424912833103
3,2,5.9,0.010706838469277903
3,2,6.0,0.013842140005223895
3,2,6.1,0.017697846002829
3,2,6.2,0.022384983580172803
3,2,6.3,0.028019045457301505
3,2,6.4,0.0347174770592308
3,2,6.5,0.042596753947629705
3,2,6.6,0.0517691362291148
3,2,6.7,0.0623392119018703
3,2,6.8,0.07440036109444119
3,2,6.9,0.08803128642466491
3,2,7.0,0.10329275979484423
3,2,7.1,0.12022473242922889
3,2,7.2,0.1388439429653619
3,2,7.3,0.1591421383909723
3,2,7.4,0.1810849961322457
3,2,7.5,0.204611804144776
3,2,7.6,0.229635921567244
3,2,7.7,0.256046007467717
3,2,7.8,0.28370797157421546
3,2,7.9,0.3124675705878753
3,2,8.0,0.3445310417839162
3,2,8.1,0.374014659848716
3,2,8.2,0.4042546115595485
3,2,8.3,0.4350779711223905
3,2,8.4,0.4663011713528153
3,2,8.5,0.4977332728595897
3,2,8.6,0.5291794593031267
3,2,8.7,0.5604446523252862
3,2,8.8,0.5913371345861598
3,2,8.9,0.621672068993029
3,2,9.0,0.647661206259678
3,2,9.1,0.675116648999166
3,2,9.2,0.7014461162696654
3,2,9.3,0.7265650728125311
3,2,9.4,0.7504081096259773
3,2,9.5,0.7729284485261732
3,2,9.6,0.7940970902604505
3,2,9.7,0.8139016676053302
3,2,9.8,0.8323450668576933
3,2,9.9,0.8494438805652622
3,2,10.0,0.8652267514975803
3,2,10.1,0.8797326632577679
3,2,10.2,0.8930092271165958
3,2,10.3,0.905111007812644
3,2,10.4,0.9160979238962152
3,2,10.5,0.9260337508772688
3,2,10.6,0.9349847482848648
3,2,10.7,0.9430184250777623
3,2,10.8,0.9502024517784072
3,2,10.9,0.9566037223446234
3,2,11.0,0.9622875642336004
3,2,11.1,0.9673170914226836
3,2,11.2,0.9717526922423432
3,2,11.3,0.975651641617876
3,2,11.4,0.9789228586807448
3,2,11.5,0.981908328835362
3,2,11.6,0.9845089677549568
3,2,11.7,0.9867676910041768
3,2,11.8,0.9887237874987068
3,2,11.9,0.9904130212421808
3,2,12.0,0.9918677722966344
3,2,12.1,0.993117207210833
3,2,12.2,0.9941874702574576
3,2,12.3,0.9951018879837724
3,2,12.4,0.9958811806978602
3,2,12.5,0.9965436755858288
3,2,12.6,0.9971055171502542
3,2,12.7,0.997580871566206
3,2,12.8,0.997982122360138
3,2,12.9,0.99832005552598
3,2,13.0,0.9986040328015104
3,2,13.1,0.9988421523415222
3,2,13.2,0.9990413964480308
3,2,13.3,0.9992077663606164
3,2,13.4,0.9993464043777348
3,2,13.5,0.9994617037850444
3,2,13.6,0.999557407215087
3,2,13.7,0.9996366941636868
3,2,13.8,0.999702258450947
3,2,13.9,0.9997563764449122
3,2,14.0,0.9998009668702548
3,2,14.1,0.999837643009666
3,2,14.2,0.9998674102932342
3,2,14.3,0.9998921454495108
3,2,14.4,0.9999123913101664
3,2,14.5,0.9999289362237042
3,2,14.6,0.9999424356147488
3,2,14.7,0.9999534332595555
3,2,14.8,0.9999623793881104
3,2,14.9,0.9999696460391356
3,2,15.0,0.9999755400466492
3,2,15.1,0.9999803139923098
3,2,15.2,0.9999841754170024
3,2,15.3,0.9999872945479448
3,2,15.4,0.9999898107640576
3,2,15.5,0.9999918379923336
3,2,15.6,0.9999934692012497
3,2,15.7,0.9999947801336924
3,2,15.8,0.9999958324012048
3,2,15.9,0.9999966760432804
3,2,16.0,0.9999973516397592
3,2,16.1,0.9999978920508212
3,2,16.2,0.9999983238474
3,2,16.3,0.9999986711802882
3,2,16.4,0.9999989454905056
3,2,16.5,0.9999991639536432
3,2,16.6,0.9999993377621926
3,2,16.7,0.999999475905631
3,2,16.8,0.9999995855950484
3,2,16.9,0.999999672607927
3,2,17.0,0.9999997415676476
3,2,17.1,0.999999796169734
3,2,17.2,0.9999998393647096
3,2,17.3,0.999999873505672
3,2,17.4,0.999999900467228
3,2,17.5,0.9999999217412094
3,2,17.6,0.9999999385136022
3,2,17.7,0.9999999517262956
3,2,17.8,0.9999999621265816
3,2,17.9,0.9999999703067852
3,2,18.0,0.999999976735958
3,2,18.1,0.9999999817851896
3,2,18.2,0.9999999857478019
3,2,18.3,0.9999999888554431
3,2,18.4,0.999999991290896
3,2,18.5,0.9999999931982648
3,2,18.6,0.9999999946910668
3,2,18.7,0.9999999958586516
3,2,18.8,0.9999999967712924
3,2,18.9,0.9999999974842144
3,2,19.0,0.9999999980407864
3,2,19.1,0.9999999985973584
3,2,19.2,0.9999999991539305
3,2,19.3,0.9999999997105024
3,2,19.4,1.0
3,2,19.5,1.0
3,2,19.6,1.0
3,2,19.7,1.0
3,2,19.8,1.0
3,2,19.9,1.0
3,2,20.0,1.0
3,3,0.0,9.575108924412681e-22
3,3,0.1,4.49182003923314e-21
3,3,0.2,2.0570786199385684e-20
3,3,0.3,9.170434881283558e-20
3,3,0.4,3.9758398984467947e-19
3,3,0.5,1.6742794102841454e-18
3,3,0.6,5.631962745349273e-18
3,3,0.7,2.2890844112484032e-17
3,3,0.8,8.9836295065324e-17
3,3,0.9,3.2980715135205666e-16
3,3,1.0,1.2113691389888416e-15
3,3,1.1,4.292605304105633e-15
3,3,1.2,1.467896862023457e-14
3,3,1.3,4.845535166496759e-14
3,3,1.4,1.5446666699861499e-13
3,3,1.5,4.75749586656481e-13
3,3,1.6,1.4164476126868743e-12
3,3,1.7,4.119716010194314e-12
3,3,1.8,1.146527124002394e-11
3,3,1.9,3.090689701468319e-11
3,3,2.0,8.075259143067251e-11
3,3,2.1,2.046316290627655e-10
3,3,2.2,5.032646562791768e-10
3,3,2.3,1.1921046829583532e-09
3,3,2.4,2.793607170321654e-09
3,3,2.5,6.2949071743985546e-09
3,3,2.6,1.3832262112340451e-08
3,3,2.7,2.9600231811612178e-08
3,3,2.8,6.172988143588815e-08
3,3,2.9,1.2527097462561676e-07
3,3,3.0,2.4870253133855496e-07
3,3,3.1,4.821334089661077e-07
3,3,3.2,9.13269656984669e-07
3,3,3.3,1.6914438762267883e-06
3,3,3.4,3.069324495567726e-06
3,3,3.5,5.443490234521943e-06
3,3,3.6,9.457253169038045e-06
3,3,3.7,1.685601249879259e-05
3,3,3.8,2.6854118920211143e-05
3,3,3.9,4.402368172482451e-05
3,3,4.0,7.085716799753013e-05
3,3,4.1,0.00011210144393040007
3,3,4.2,0.00017418254688290002
3,3,4.3,0.0002661424575654
3,3,4.4,0.0003997859965792002
3,3,4.5,0.0005916558093025001
3,3,4.6,0.0008622752779691002
3,3,4.7,0.0012381071863207002
3,3,4.8,0.0017529762004465002
3,3,4.9,0.0024463451838711
3,3,5.0,0.0033679405681161
3,3,5.1,0.004576097385278001
3,3,5.2,0.006187441963936001
3,3,5.3,0.008187424912833103
3,3,5.4,0.010706838469277903
3,3,5.5,0.013842140005223798
3,3,5.6,0.017697846002829
3,3,5.7,0.022384983580172803
3,3,5.8,0.028019045457301505
3,3,5.9,0.0347174770592308
3,3,6.0,0.042596753947629705
3,3,6.1,0.0517691362291148
3,3,6.2,0.0623392119018703
3,3,6.3,0.07440036109444109
3,3,6.4,0.08803128642466491
3,3,6.5,0.10329275979484423
3,3,6.6,0.12022473242922883
3,3,6.7,0.1388439429653619
3,3,6.8,0.1591421383909723
3,3,6.9,0.1810849961322457
3,3,7.0,0.204611804144776
3,3,7.1,0.229635921567244
3,3,7.2,0.256046007467717
3,3,7.3,0.2837079715742154
3,3,7.4,0.3124675705878753
3,3,7.5,0.3445310417839162
3,3,7.6,0.374014659848716
3,3,7.7,0.4042546115595487
3,3,7.8,0.4350779711223903
3,3,7.9,0.4663011713528153
3,3,8.0,0.4977332728595897
3,3,8.1,0.5291794593031267
3,3,8.2,0.5604446523252862
3,3,8.3,0.5913371345861598
3,3,8.4,0.621672068993029
3,3,8.5,0.647661206259678
3,3,8.6,0.675116648999166
3,3,8.7,0.7014461162696654
3,3,8.8,0.7265650728125311
3,3,8.9,0.7504081096259773
3,3,9.0,0.7729284485261732
3,3,9.1,0.7940970902604505
3,3,9.2,0.8139016676053302
3,3,9.3,0.8323450668576933
3,3,9.4,0.8494438805652622
3,3,9.5,0.8652267514975803
3,3,9.6,0.8797326632577679
3,3,9.7,0.8930092271165958
3,3,9.8,0.905111007812644
3,3,9.9,0.9160979238962152
3,3,10.0,0.9260337508772688
3,3,10.1,0.9349847482848648
3,3,10.2,0.9430184250777623
3,3,10.3,0.9502024517784072
3,3,10.4,0.9566037223446234
3,3,10.5,0.9622875642336004
3,3,10.6,0.9673170914226836
3,3,10.7,0.9717526922423432
3,3,10.8,0.975651641617876
3,3,10.9,0.9789228586807448
3,3,11.0,0.981908328835362
3,3,11.1,0.9845089677549568
3,3,11.2,0.9867676910041768
3,3,11.3,0.9887237874987068
3,3,11.4,0.9904130212421808
3,3,11.5,0.9918677722966344
3,3,11.6,0.993117207210833
3,3,11.7,0.9941874702574576
3,3,11.8,0.9951018879837724
3,3,11.9,0.9958811806978602
3,3,12.0,0.9965436755858288
3,3,12.1,0.9971055171502542
3,3,12.2,0.997580871566206
3,3,12.3,0.997982122360138
3,3,12.4,0.99832005552598
3,3,12.5,0.9986040328015104
3,3,12.6,0.9988421523415222
3,3,12.7,0.9990413964480308
3,3,12.8,0.9992077663606164
3,3,12.9,0.9993464043777348
3,3,13.0,0.9994617037850444
3,3,13.1,0.999557407215087
3,3,13.2,0.9996366941636868
3,3,13.3,0.999702258450947
3,3,13.4,0.9997563764449122
3,3,13.5,0.9998009668702548
3,3,13.6,0.999837643009666
3,3,13.7,0.9998674102932342
3,3,13.8,0.9998921454495108
3,3,13.9,0.9999123913101664
3,3,14.0,0.9999289362237042
3,3,14.1,0.9999424356147488
3,3,14.2,0.9999534332595555
3,3,14.3,0.9999623793881104
3,3,14.4,0.9999696460391356
3,3,14.5,0.9999755400466492
3,3,14.6,0.9999803139923098
3,3,14.7,0.9999841754170024
3,3,14.8,0.9999872945479448
3,3,14.9,0.9999898107640576
3,3,15.0,0.9999918379923336
3,3,15.1,0.9999934692012497
3,3,15.2,0.9999947801336924
3,3,15.3,0.9999958324012048
3,3,15.4,0.9999966760432804
3,3,15.5,0.9999973516397592
3,3,15.6,0.9999978920508212
3,3,15.7,0.9999983238474
3,3,15.8,0.9999986711802882
3,3,15.9,0.9999989454905056
3,3,16.0,0.9999991639536432
3,3,16.1,0.9999993377621926
3,3,16.2,0.999999475905631
3,3,16.3,0.9999995855950484
3,3,16.4,0.999999672607927
3,3,16.5,0.9999997415676476
3,3,16.6,0.999999796169734
3,3,16.7,0.9999998393647096
3,3,16.8,0.999999873505672
3,3,16.9,0.999999900467228
3,3,17.0,0.9999999217412094
3,3,17.1,0.9999999385136022
3,3,17.2,0.9999999517262956
3,3,17.3,0.9999999621265816
3,3,17.4,0.9999999703067852
3,3,17.5,0.999999976735958
3,3,17.6,0.9999999817851896
3,3,17.7,0.9999999857478019
3,3,17.8,0.9999999888554431
3,3,17.9,0.999999991290896
3,3,18.0,0.9999999931982648
3,3,18.1,0.9999999946910668
3,3,18.2,0.9999999958586516
3,3,18.3,0.9999999967712924
3,3,18.4,0.9999999974842144
3,3,18.5,0.9999999980407864
3,3,18.6,0.9999999985973584
3,3,18.7,0.9999999991539305
3,3,18.8,0.9999999997105024
3,3,18.9,1.0
3,3,19.0,1.0
3,3,19.1,1.0
3,3,19.2,1.0
3,3,19.3,1.0
3,3,19.4,1.0
3,3,19.5,1.0
3,3,19.6,1.0
3,3,19.7,1.0
3,3,19.8,1.0
3,3,19.9,1.0
3,3,20.0,1.0
